model,seed,corruption_level,n_samples,accuracy,precision_macro,f1_macro,mcc,log_loss,inference_time_s,inference_time_per_sample_ms
word,123,0,2000,0.8505,0.8512708577394809,0.8505605398326025,0.8008765238107932,0.4481150805950165,0.2393562999786809,0.11967814998934045
word,123,5,2000,0.843,0.8443184169238505,0.8429822860536378,0.7911053243331222,0.4625481963157654,0.17388770001707599,0.08694385000853799
word,123,10,2000,0.8395,0.8405849808818366,0.8393974796142838,0.7864124504206189,0.47808003425598145,0.1448960000416264,0.0724480000208132
word,123,15,2000,0.839,0.8404683615536016,0.8387906714025217,0.7859327045792788,0.49242469668388367,0.13692790002096444,0.06846395001048222
word,123,20,2000,0.8285,0.8303330339681045,0.8282791536730241,0.7720441986112941,0.5062007308006287,0.13397389999590814,0.06698694999795407
word,123,25,2000,0.8165,0.819173531430813,0.8165076597043843,0.7561339990590553,0.5198080539703369,0.15409239998552948,0.07704619999276474
word,123,30,2000,0.811,0.8156854338057312,0.8113882173662271,0.7492179697212575,0.5372242331504822,0.13457880000350997,0.06728940000175498
word,123,35,2000,0.7985,0.8060174864748502,0.7994065095964508,0.7331754289996376,0.5670190453529358,0.1450355999986641,0.07251779999933206
word,123,40,2000,0.786,0.796096339118352,0.7874114039025338,0.7171674869688637,0.5945191383361816,0.12368249997962266,0.06184124998981133
word,123,45,2000,0.7705,0.7840798203084463,0.7721556540365149,0.6975025847513046,0.6255618333816528,0.15447070001391694,0.07723535000695847
word,123,50,2000,0.7535,0.7697494551225961,0.755441398772033,0.675590581741633,0.6564314365386963,0.13297269999748096,0.06648634999874048
word,132,0,2000,0.8485,0.8506372025211311,0.8482992126045175,0.7988506963779426,0.44433000683784485,0.1814916000002995,0.09074580000014976
word,132,5,2000,0.847,0.8506279453167677,0.8468741485659739,0.7973089268297253,0.4589114785194397,0.16019249998498708,0.08009624999249354
word,132,10,2000,0.8415,0.8452525827033288,0.8413688834221758,0.7900253619306032,0.4745248556137085,0.1426289000082761,0.07131445000413805
word,132,15,2000,0.8315,0.8365494488242633,0.83167133868204,0.7769183095882181,0.4860410690307617,0.12908099999185652,0.06454049999592826
word,132,20,2000,0.8185,0.8243889312178649,0.8183781311030284,0.7600309829839549,0.5083513259887695,0.14777830004459247,0.07388915002229623
word,132,25,2000,0.806,0.8126533724427746,0.8058977892131289,0.7435641500838545,0.5249419808387756,0.15424819994950667,0.07712409997475334
word,132,30,2000,0.7965,0.8062064332821427,0.7968466473394068,0.7316680275939064,0.5414234399795532,0.17621409997809678,0.08810704998904839
word,132,35,2000,0.7825,0.7951216858533101,0.783146632663754,0.713864134803402,0.5747880339622498,0.15429279999807477,0.07714639999903738
word,132,40,2000,0.771,0.7904031175990007,0.7723170642444237,0.7007009263037215,0.610187292098999,0.19552569999359548,0.09776284999679774
word,132,45,2000,0.752,0.7754828318823737,0.7531836249054512,0.6767909215919137,0.6487400531768799,0.16060340002877638,0.08030170001438819
word,132,50,2000,0.7375,0.7670135145690944,0.7397094854641242,0.6589868151304618,0.6805063486099243,0.17626420001033694,0.08813210000516847
word,213,0,2000,0.85,0.849227636211048,0.8489748322794919,0.8003936236545786,0.4443040192127228,0.39495280000846833,0.19747640000423416
word,213,5,2000,0.8475,0.8470889014825096,0.8464322141526595,0.7972001720991022,0.4554807245731354,0.1924721000250429,0.09623605001252145
word,213,10,2000,0.8425,0.8420939418505134,0.8412943067942965,0.7906177137459224,0.47306588292121887,0.2112652999931015,0.10563264999655075
word,213,15,2000,0.834,0.8339060807298325,0.8326508980224756,0.7794707156756812,0.4866269528865814,0.20056780002778396,0.10028390001389198
word,213,20,2000,0.8225,0.8227235657348484,0.8211745444031384,0.7642114072165134,0.5001162886619568,0.18191560002742335,0.09095780001371168
word,213,25,2000,0.817,0.8172873983126134,0.8156391896829461,0.7569222408151202,0.5109151005744934,0.1809330999967642,0.0904665499983821
word,213,30,2000,0.812,0.8135118008386342,0.8103567311063968,0.7508010825068527,0.5258936882019043,0.1813281000358984,0.0906640500179492
word,213,35,2000,0.803,0.8057638484583849,0.8015002134489648,0.7390863076596058,0.5466611385345459,0.18580109998583794,0.09290054999291897
word,213,40,2000,0.7955,0.8010944962426529,0.79344709382961,0.7302501793594752,0.5739458799362183,0.1651842999854125,0.08259214999270625
word,213,45,2000,0.775,0.7828092145318831,0.7726868796442669,0.703741891322149,0.5992227792739868,0.14523269998608157,0.07261634999304079
word,213,50,2000,0.761,0.7702547638124257,0.7580911084778004,0.6858397022866674,0.6341639161109924,0.13513799995416775,0.06756899997708388
word,231,0,2000,0.8595,0.8599048995586598,0.8592268605848347,0.8129743001485691,0.4327348470687866,0.2863463999819942,0.1431731999909971
word,231,5,2000,0.856,0.8566396215386793,0.8556386623155485,0.808440180773559,0.44840118288993835,0.15356960002100095,0.07678480001050048
word,231,10,2000,0.846,0.8462757969267414,0.8455482948933625,0.7950438719583478,0.46410366892814636,0.19604960002470762,0.09802480001235381
word,231,15,2000,0.8425,0.8431095103285806,0.8420373067087176,0.7904952686868678,0.47455671429634094,0.13590009999461472,0.06795004999730736
word,231,20,2000,0.8355,0.836779529027138,0.8349126530512027,0.7814633839894589,0.4854287803173065,0.1809905000263825,0.09049525001319125
word,231,25,2000,0.83,0.8315401834723907,0.8296208421377604,0.7740863695926548,0.49877259135246277,0.20711779996054247,0.10355889998027124
word,231,30,2000,0.8205,0.8238926839135208,0.8204111146557551,0.7618731592554433,0.5151832103729248,0.16178990004118532,0.08089495002059266
word,231,35,2000,0.8105,0.8147734329491153,0.8105407158057837,0.7487711062947701,0.5431444048881531,0.14760849997401237,0.07380424998700619
word,231,40,2000,0.797,0.8047214719763086,0.7970905156795121,0.7319402674919018,0.5721064805984497,0.17839830002048984,0.08919915001024492
word,231,45,2000,0.784,0.7959597680373873,0.7849386304394026,0.7156305382943917,0.599427342414856,0.19369370001368225,0.09684685000684112
word,231,50,2000,0.767,0.7798578922196027,0.7677896590945563,0.6933719683787525,0.6325852274894714,0.16470610001124442,0.08235305000562221
word,321,0,2000,0.8495,0.8539976189248819,0.8483056404532758,0.8014844656123634,0.4462509751319885,0.1976901000016369,0.09884505000081845
word,321,5,2000,0.8435,0.849225286219605,0.8419325771621602,0.7940395320546979,0.4644191265106201,0.14863280003191903,0.07431640001595952
word,321,10,2000,0.8365,0.8418875225626022,0.8342487954404683,0.7849456719620929,0.480832576751709,0.15907529997639358,0.07953764998819679
word,321,15,2000,0.8335,0.8407119965381518,0.8309259562324716,0.7817475599853188,0.49450796842575073,0.14143379998859018,0.07071689999429509
word,321,20,2000,0.8255,0.8332694651572163,0.8229240188038744,0.7712273217306899,0.5097048282623291,0.13008800003444776,0.06504400001722388
word,321,25,2000,0.818,0.8268905837035154,0.8148393402918125,0.7617909171455407,0.5266183614730835,0.15169769997010008,0.07584884998505004
word,321,30,2000,0.8105,0.8226916863365604,0.8074158361695202,0.7527757527372845,0.5469391942024231,0.1558153999503702,0.0779076999751851
word,321,35,2000,0.798,0.8135169220323099,0.7940662605865608,0.737546379525147,0.572563111782074,0.15911080001387745,0.07955540000693873
word,321,40,2000,0.781,0.8012539562315251,0.7765828987029627,0.7166591503020161,0.6023784875869751,0.14151580003090203,0.07075790001545101
word,321,45,2000,0.7675,0.7929731294215172,0.7625403555526931,0.7004437254835136,0.6294468641281128,0.17136959999334067,0.08568479999667034
word,321,50,2000,0.75,0.7788472010050218,0.7434009402503144,0.6787892598542858,0.6663080453872681,0.17084019997855648,0.08542009998927824
word,312,0,2000,0.8495,0.8504692875339563,0.8491627145390391,0.799830716079719,0.436785489320755,0.19038659997750074,0.09519329998875037
word,312,5,2000,0.847,0.8479241691480891,0.8465954453044566,0.7965070053212693,0.4541459381580353,0.1232816000119783,0.06164080000598915
word,312,10,2000,0.8355,0.836177466701149,0.834902050483795,0.7812155331875014,0.4705759286880493,0.1355872999993153,0.06779364999965765
word,312,15,2000,0.8275,0.8284545048287687,0.82678893318543,0.7706849294704319,0.4835371673107147,0.12589710002066568,0.06294855001033284
word,312,20,2000,0.8205,0.8223401215392638,0.8199282073859561,0.7615019848208711,0.5016033053398132,0.14768480003112927,0.07384240001556464
word,312,25,2000,0.817,0.819265379002626,0.8166603805321189,0.7568210917473447,0.5095455646514893,0.2255884000333026,0.1127942000166513
word,312,30,2000,0.812,0.815274614368934,0.8116861307691503,0.7503999093232698,0.5254753232002258,0.15083930001128465,0.07541965000564232
word,312,35,2000,0.801,0.804096315272094,0.8005942239461874,0.7357514735683779,0.5471211075782776,0.13997149997157976,0.06998574998578988
word,312,40,2000,0.7935,0.7984259184041936,0.7929245873303118,0.7264150726173866,0.5718132257461548,0.14262469997629523,0.07131234998814762
word,312,45,2000,0.782,0.7881842748184581,0.780966355214544,0.7117089495792938,0.5981701612472534,0.17183639999711886,0.08591819999855943
word,312,50,2000,0.765,0.7723098386358271,0.7639649601309865,0.6893708574296238,0.630390465259552,0.14726070000324398,0.07363035000162199
word,111,0,2000,0.848,0.8478593232042144,0.8471191284777777,0.7978326668956682,0.43998321890830994,0.1919923999812454,0.0959961999906227
word,111,5,2000,0.846,0.8463711445892008,0.845264299714581,0.7952317470533729,0.45254430174827576,0.16823489998932928,0.08411744999466464
word,111,10,2000,0.843,0.8429777863438472,0.8419908400116657,0.7912822599604998,0.46525847911834717,0.13026569999055937,0.06513284999527968
word,111,15,2000,0.841,0.8415713155881421,0.8399598977170109,0.7888128961403597,0.4729650318622589,0.157448599988129,0.0787242999940645
word,111,20,2000,0.8385,0.8396403884971748,0.837475583589026,0.7856448797694416,0.48329833149909973,0.19327950000297278,0.09663975000148639
word,111,25,2000,0.8335,0.8354236016957737,0.832756191277087,0.7790459220561202,0.4915620982646942,0.20857339998474345,0.10428669999237172
word,111,30,2000,0.8255,0.828336442371794,0.8247513172332385,0.7686650461249002,0.5075702667236328,0.17390629998408258,0.08695314999204129
word,111,35,2000,0.8185,0.8222563519879477,0.817861486598532,0.7595635250158296,0.5326739549636841,0.1970191999571398,0.0985095999785699
word,111,40,2000,0.8055,0.8120105645960995,0.8047855387147151,0.7431976002783289,0.5578703284263611,0.1639083999907598,0.0819541999953799
word,111,45,2000,0.796,0.8049863020422032,0.795117588522958,0.7314857889503531,0.5818682312965393,0.20874989998992532,0.10437494999496266
word,111,50,2000,0.7805,0.7910461542165216,0.7797771000655476,0.7112620521163864,0.6146932244300842,0.21019010001327842,0.10509505000663921
word,222,0,2000,0.856,0.8578244534463613,0.8562793096861318,0.8083873103046808,0.43712082505226135,0.17553419998148456,0.08776709999074228
word,222,5,2000,0.8485,0.851556807884166,0.8488112906189542,0.7987335742864846,0.45746350288391113,0.14725520001957193,0.07362760000978597
word,222,10,2000,0.8425,0.8457992945401457,0.842810698837211,0.7908009597962016,0.4776085317134857,0.1889208999928087,0.09446044999640435
word,222,15,2000,0.832,0.8362970379003805,0.832669302689069,0.776916525193683,0.49405452609062195,0.13996370002860203,0.06998185001430102
word,222,20,2000,0.824,0.8300132386869312,0.8246406409774578,0.7667995779754132,0.5119230151176453,0.1594500999781303,0.07972504998906516
word,222,25,2000,0.818,0.8246626774138218,0.818763960990629,0.7589081840269947,0.5290403962135315,0.161121099954471,0.0805605499772355
word,222,30,2000,0.811,0.8208030196464075,0.8119366852481528,0.7504764052308863,0.5486404299736023,0.18558849999681115,0.09279424999840558
word,222,35,2000,0.7975,0.8107920727197455,0.7986492687202495,0.7336373426457742,0.5829928517341614,0.20321940002031624,0.10160970001015812
word,222,40,2000,0.779,0.7984455714369414,0.780480898151038,0.7107562423966706,0.6227902770042419,0.19326960004400462,0.09663480002200231
word,222,45,2000,0.756,0.7825245995497007,0.7577524304852654,0.6823078614812393,0.6546077728271484,0.19885410001734272,0.09942705000867136
word,222,50,2000,0.7375,0.7717150668733053,0.7408879339062167,0.6596713110732205,0.6948846578598022,0.2621377000468783,0.13106885002343915
word,333,0,2000,0.8515,0.8513202539799808,0.8508815993263128,0.8023292900252105,0.42975130677223206,0.3303769000340253,0.16518845001701266
word,333,5,2000,0.846,0.8462905368306379,0.8453944747921652,0.7951287707627395,0.44503533840179443,0.3925878999871202,0.1962939499935601
word,333,10,2000,0.844,0.8437131657362729,0.8432706765990359,0.7923632497532911,0.456047385931015,0.28059089998714626,0.14029544999357313
word,333,15,2000,0.8455,0.8456370972195629,0.8447818105034803,0.794487435152876,0.4679417312145233,0.27513069997075945,0.13756534998537973
word,333,20,2000,0.8395,0.8400655395943193,0.8390205052034043,0.7864646757432624,0.4792087972164154,0.24001599999610335,0.12000799999805167
word,333,25,2000,0.8305,0.8313703604246084,0.8300001044348769,0.774564346623583,0.4914455711841583,0.25055289996089414,0.12527644998044707
word,333,30,2000,0.824,0.8259056499357093,0.8237312584239839,0.7660859995255997,0.5082591772079468,0.23698159999912605,0.11849079999956302
word,333,35,2000,0.811,0.8135157708874491,0.8108628310324058,0.7488756980647272,0.5314646363258362,0.1783162000356242,0.0891581000178121
word,333,40,2000,0.8035,0.8070086813958781,0.8035309005543017,0.7391062845690526,0.5589647889137268,0.15919560001930222,0.07959780000965111
word,333,45,2000,0.7915,0.7966350503693318,0.7917079447506996,0.7235146959274609,0.5914836525917053,0.1635175999836065,0.08175879999180324
word,333,50,2000,0.7725,0.7785055926930115,0.7727339954823634,0.698442268582131,0.622164785861969,0.27912190003553405,0.13956095001776703
bpe_500,123,0,2000,0.82,0.8197295380484424,0.8191245888989611,0.7604574259729373,0.4954996705055237,0.21386419999180362,0.10693209999590181
bpe_500,123,5,2000,0.818,0.8178852499293952,0.8169381017868702,0.7579540992935849,0.5022489428520203,0.17422209994401783,0.08711104997200891
bpe_500,123,10,2000,0.811,0.8108171679109375,0.8100225970963274,0.7485498871081685,0.5144847631454468,0.2173107999842614,0.1086553999921307
bpe_500,123,15,2000,0.8105,0.8103803661956364,0.8094124078585627,0.7479598875064014,0.521628737449646,0.22303919994737953,0.11151959997368976
bpe_500,123,20,2000,0.806,0.8064063824721461,0.80495079248985,0.7420938745490615,0.5270634889602661,0.20413909998023883,0.10206954999011941
bpe_500,123,25,2000,0.7975,0.7977643931545078,0.7964979730797104,0.730693269665451,0.5425734519958496,0.22115519997896627,0.11057759998948313
bpe_500,123,30,2000,0.7865,0.7864519043394511,0.7856627098871778,0.7158286194742043,0.5618873238563538,0.2046954000252299,0.10234770001261495
bpe_500,123,35,2000,0.777,0.7771612081432899,0.7759153900512716,0.7033537098942494,0.5834779143333435,0.2106025999528356,0.1053012999764178
bpe_500,123,40,2000,0.772,0.7720612620205343,0.7709370617607387,0.6966567925221743,0.5946687459945679,0.22660240001277998,0.11330120000638999
bpe_500,123,45,2000,0.762,0.763271951187755,0.7609911419776954,0.683636523332636,0.6175958514213562,0.153979700000491,0.0769898500002455
bpe_500,123,50,2000,0.754,0.7569127556752538,0.7530591924180683,0.6733953741345496,0.6429499983787537,0.21781850000843406,0.10890925000421703
bpe_500,132,0,2000,0.8015,0.8016590197793587,0.8001553638242838,0.7362146188937541,0.5354559421539307,0.2509385999874212,0.1254692999937106
bpe_500,132,5,2000,0.802,0.8024258857412272,0.8008158960454342,0.736871251264032,0.5517688989639282,0.22712130000581965,0.11356065000290982
bpe_500,132,10,2000,0.801,0.8014936062029285,0.799869868776761,0.7355245434003364,0.5602644085884094,0.23289340001065284,0.11644670000532642
bpe_500,132,15,2000,0.796,0.7959762844173907,0.794963854472265,0.7286422168142458,0.5669854879379272,0.2531699000392109,0.12658495001960546
bpe_500,132,20,2000,0.7935,0.7943409727334884,0.792723733446389,0.725420286187964,0.5757284164428711,0.2244137999950908,0.1122068999975454
bpe_500,132,25,2000,0.7775,0.7788391715573482,0.7764309873164027,0.70442674782074,0.5871918201446533,0.22449429996777326,0.11224714998388663
bpe_500,132,30,2000,0.7715,0.7740887975598814,0.7704967308809954,0.6967473071279267,0.6046221256256104,0.2354300000006333,0.11771500000031665
bpe_500,132,35,2000,0.7625,0.7656763930868311,0.761807116603139,0.6847313843496704,0.6231540441513062,0.22311560000525787,0.11155780000262894
bpe_500,132,40,2000,0.749,0.7529108184929725,0.7486933356870562,0.6667490109070765,0.6368303894996643,0.24321560002863407,0.12160780001431704
bpe_500,132,45,2000,0.744,0.7487610363930786,0.7433236171921827,0.6605561375250405,0.6549006700515747,0.1919740000157617,0.09598700000788085
bpe_500,132,50,2000,0.7295,0.7343306380286387,0.7288811604660594,0.641204748655121,0.6735576391220093,0.24199119996046647,0.12099559998023324
bpe_500,213,0,2000,0.8105,0.8096410194932746,0.8098087441222221,0.7474918184000323,0.5235298871994019,0.26588699995772913,0.13294349997886457
bpe_500,213,5,2000,0.804,0.80367849681912,0.8034428756960275,0.7389152302962718,0.5353047847747803,0.20196709997253492,0.10098354998626746
bpe_500,213,10,2000,0.7965,0.7959933384481952,0.7957584951570537,0.728971197246139,0.5442237257957458,0.2134692000108771,0.10673460000543855
bpe_500,213,15,2000,0.7925,0.7923381713609574,0.7918223224415605,0.7237051720818516,0.5583659410476685,0.1989927999675274,0.0994963999837637
bpe_500,213,20,2000,0.79,0.7903284349617982,0.7892343844046978,0.7205735646402494,0.5718313455581665,0.17692860000533983,0.08846430000266992
bpe_500,213,25,2000,0.786,0.7863561114659411,0.7852089641718465,0.7152574749279181,0.5830921530723572,0.21034940000390634,0.10517470000195317
bpe_500,213,30,2000,0.7845,0.7851308666118018,0.7839324517758945,0.7132112925649383,0.6021446585655212,0.2890955999610014,0.1445477999805007
bpe_500,213,35,2000,0.7695,0.7711193571969605,0.7689551835398147,0.6934884751201248,0.6245211362838745,0.20320930000161752,0.10160465000080876
bpe_500,213,40,2000,0.764,0.7656262846206106,0.7629025853545729,0.6864616595047334,0.6445136666297913,0.2345857000327669,0.11729285001638345
bpe_500,213,45,2000,0.7505,0.7528416199628678,0.7490430311476932,0.6688710518142408,0.661575436592102,0.181445199996233,0.0907225999981165
bpe_500,213,50,2000,0.7365,0.7414985356059328,0.7353589045945036,0.6507866950720135,0.6881986856460571,0.18762729997979477,0.09381364998989739
bpe_500,231,0,2000,0.8105,0.8098276449294052,0.8096026976987003,0.7476788407884449,0.5204644799232483,0.22896229999605566,0.11448114999802783
bpe_500,231,5,2000,0.805,0.8042141462778687,0.8040744739857698,0.7403265560326998,0.5330666303634644,0.20930270000826567,0.10465135000413284
bpe_500,231,10,2000,0.7995,0.7989404467295715,0.7986870636040119,0.7329968339336247,0.5430099964141846,0.18929820001358166,0.09464910000679083
bpe_500,231,15,2000,0.7955,0.794575585385723,0.7945888800170251,0.72760623685116,0.5531648993492126,0.24106099997879937,0.12053049998939969
bpe_500,231,20,2000,0.7965,0.7959238431816911,0.795830891423271,0.7289021400930188,0.5610718727111816,0.17088089999742806,0.08544044999871403
bpe_500,231,25,2000,0.789,0.7883643052159538,0.7884042115043668,0.7188401676987893,0.5757251977920532,0.18677169998409227,0.09338584999204613
bpe_500,231,30,2000,0.78,0.7790304533884598,0.7791781401137254,0.7068686243207539,0.5993378758430481,0.18543070001760498,0.09271535000880249
bpe_500,231,35,2000,0.777,0.7762618159777954,0.7761897997315403,0.7029307839505226,0.6165522336959839,0.1903435999993235,0.09517179999966174
bpe_500,231,40,2000,0.7645,0.7638847458414031,0.7637349448117848,0.6862779988957335,0.6339403390884399,0.18518299999414012,0.09259149999707006
bpe_500,231,45,2000,0.76,0.759481218699827,0.7592554827896096,0.6802959931495386,0.6527951955795288,0.17698280001059175,0.08849140000529587
bpe_500,231,50,2000,0.7415,0.7417427368376698,0.7409188435818077,0.6557603723822389,0.6761891841888428,0.1832056000130251,0.09160280000651255
bpe_500,321,0,2000,0.814,0.8144114452247285,0.8125031081263548,0.7530293416017757,0.5129796862602234,0.22073050000471994,0.11036525000235997
bpe_500,321,5,2000,0.8115,0.812076326022928,0.8098390228994333,0.7498285513969456,0.5241914987564087,0.18309150001732633,0.09154575000866316
bpe_500,321,10,2000,0.8045,0.8058432990601635,0.8029069304347431,0.740646429038227,0.5347272753715515,0.2041046000085771,0.10205230000428855
bpe_500,321,15,2000,0.803,0.8045656443385332,0.8014292267009193,0.7386992198167007,0.5438783168792725,0.24627180001698434,0.12313590000849217
bpe_500,321,20,2000,0.797,0.7992074610397045,0.7956625606951626,0.7307614186223678,0.5601508617401123,0.2009175000130199,0.10045875000650994
bpe_500,321,25,2000,0.7895,0.7930661478877451,0.7879082074282246,0.7212810174884391,0.5764011144638062,0.2261593000148423,0.11307965000742115
bpe_500,321,30,2000,0.782,0.7873089630611094,0.7802948884176126,0.7117882537368908,0.5935239195823669,0.2007840999867767,0.10039204999338835
bpe_500,321,35,2000,0.7675,0.7731265980152268,0.7655010802691472,0.6926707769867246,0.6155144572257996,0.18030750000616536,0.09015375000308268
bpe_500,321,40,2000,0.763,0.7687594669161364,0.7607256708588715,0.6869125012792451,0.6356071829795837,0.16574530000798404,0.08287265000399202
bpe_500,321,45,2000,0.748,0.7583153269124125,0.7456874111554018,0.6680308113811997,0.6573216915130615,0.1675186000065878,0.0837593000032939
bpe_500,321,50,2000,0.7335,0.7445168626728526,0.7316546392371812,0.6486076889180886,0.6885513663291931,0.18086520000360906,0.09043260000180453
bpe_500,312,0,2000,0.7995,0.7992669678386792,0.7989438946153228,0.7329190786004705,0.544935941696167,0.2254747999832034,0.1127373999916017
bpe_500,312,5,2000,0.798,0.7976496839838486,0.7973651021374839,0.7309335061034823,0.5598170161247253,0.18910560000222176,0.09455280000111088
bpe_500,312,10,2000,0.7935,0.7940854403896396,0.7934001658252108,0.7249047161346697,0.5639417767524719,0.17200039996532723,0.08600019998266362
bpe_500,312,15,2000,0.788,0.7882323268267669,0.7876394875524352,0.7176245087477794,0.5725089311599731,0.16465489997062832,0.08232744998531416
bpe_500,312,20,2000,0.7835,0.7839666480485306,0.7833757114821498,0.7115520506116093,0.5864546895027161,0.19839909998700023,0.09919954999350011
bpe_500,312,25,2000,0.7785,0.778751072474577,0.778315987132649,0.7048591194796804,0.5994738936424255,0.18202670000027865,0.09101335000013933
bpe_500,312,30,2000,0.77,0.7710565563906508,0.770076565997566,0.6936277251714403,0.6169669032096863,0.1692130999872461,0.08460654999362305
bpe_500,312,35,2000,0.754,0.755883953356394,0.7542552248703385,0.6724500196451004,0.6423553824424744,0.1872694999910891,0.09363474999554455
bpe_500,312,40,2000,0.745,0.7481326823322325,0.7456692967594456,0.6605837736140157,0.6589966416358948,0.22327079996466637,0.11163539998233318
bpe_500,312,45,2000,0.738,0.7411134444316356,0.7384797999527444,0.6513559488502675,0.6730402112007141,0.2026672000065446,0.1013336000032723
bpe_500,312,50,2000,0.726,0.7306625266174214,0.7270480877960386,0.635490584742128,0.6997107863426208,0.17665629996918142,0.08832814998459071
bpe_500,111,0,2000,0.804,0.8033543254932419,0.802909050049271,0.7391186527357034,0.5268975496292114,0.2158830999978818,0.1079415499989409
bpe_500,111,5,2000,0.8025,0.8020048323994784,0.8013412371942081,0.7372042846233825,0.5379794836044312,0.20633219997398555,0.10316609998699278
bpe_500,111,10,2000,0.801,0.8006803342899224,0.7998476407844224,0.7352641890685899,0.5458941459655762,0.20732869999483228,0.10366434999741614
bpe_500,111,15,2000,0.7995,0.7983274683437671,0.7983225731699867,0.7330222687214165,0.5523792505264282,0.21293830004287884,0.10646915002143942
bpe_500,111,20,2000,0.7975,0.7964671564426906,0.7961878918973451,0.7304825213233385,0.5608182549476624,0.1728257000213489,0.08641285001067445
bpe_500,111,25,2000,0.7905,0.789276596592108,0.7891012884570268,0.7211422966720231,0.5754842758178711,0.196692300029099,0.0983461500145495
bpe_500,111,30,2000,0.787,0.7859237588555957,0.7855085174212791,0.7165710958836019,0.5862753987312317,0.1913858000189066,0.0956929000094533
bpe_500,111,35,2000,0.7745,0.7739560957492195,0.7734673465853377,0.6997946500617044,0.6077906489372253,0.18612110003596172,0.09306055001798086
bpe_500,111,40,2000,0.764,0.7640530876537897,0.7627015809772906,0.6861368125610118,0.6198102831840515,0.22511380002833903,0.11255690001416951
bpe_500,111,45,2000,0.7555,0.7563082915279296,0.7543551183899057,0.6749451349682888,0.6427415609359741,0.16165749996434897,0.08082874998217449
bpe_500,111,50,2000,0.752,0.7528683147134937,0.7508681321781995,0.6702766294613568,0.6625316739082336,0.18170150002697483,0.09085075001348741
bpe_500,222,0,2000,0.811,0.8104427849425887,0.8104279610838034,0.7481768400255923,0.5268822908401489,0.22084199998062104,0.11042099999031052
bpe_500,222,5,2000,0.8085,0.8083941465605192,0.8080721494578205,0.7448983660933869,0.5415878891944885,0.18620130000635982,0.09310065000317991
bpe_500,222,10,2000,0.802,0.8017976091604193,0.8014833333337767,0.7362594544630721,0.5460848212242126,0.24238680000416934,0.12119340000208467
bpe_500,222,15,2000,0.799,0.7987978205462267,0.7984710865212683,0.7322685477102701,0.551703691482544,0.1707950999843888,0.0853975499921944
bpe_500,222,20,2000,0.8,0.8002257851172194,0.799670296930575,0.7336124036641641,0.5595341920852661,0.18586180004058406,0.09293090002029203
bpe_500,222,25,2000,0.789,0.7893582161723061,0.7885892683605565,0.7190430643868845,0.572447657585144,0.18087440001545474,0.09043720000772737
bpe_500,222,30,2000,0.7855,0.7864599133431229,0.7850217437070868,0.7146193669837101,0.5885635614395142,0.19856599997729063,0.09928299998864532
bpe_500,222,35,2000,0.7735,0.7749460420425958,0.7730963100219844,0.6987263542192833,0.6070134043693542,0.1802595999906771,0.09012979999533854
bpe_500,222,40,2000,0.7665,0.7683040334921225,0.7658454114042232,0.6896662576920216,0.6191174387931824,0.2139595999615267,0.10697979998076335
bpe_500,222,45,2000,0.7575,0.7604185595730714,0.7567800636049306,0.6780474471052383,0.6394479870796204,0.16747889999533072,0.08373944999766536
bpe_500,222,50,2000,0.742,0.7466473170650604,0.7417438320280663,0.6576644628094209,0.6672678589820862,0.18656959995860234,0.09328479997930117
bpe_500,333,0,2000,0.81,0.8093285528405338,0.8089407602518115,0.7471118289030808,0.524277925491333,0.24956299999030307,0.12478149999515153
bpe_500,333,5,2000,0.8055,0.8051768614078003,0.8045233524625031,0.7411658864908666,0.5345140695571899,0.19218489999184385,0.09609244999592192
bpe_500,333,10,2000,0.804,0.8034001599419847,0.8030548432717448,0.7390619241358644,0.5447109937667847,0.19002149999141693,0.09501074999570847
bpe_500,333,15,2000,0.798,0.7973802854539873,0.7969783879472176,0.7311022897123005,0.558052122592926,0.23215090000303462,0.11607545000151731
bpe_500,333,20,2000,0.793,0.7923333285950768,0.7918601669137746,0.7244911299566915,0.5640805959701538,0.1809357000165619,0.09046785000828095
bpe_500,333,25,2000,0.7845,0.7838333176043513,0.7834684099559228,0.7130932239934129,0.5796325206756592,0.155485299997963,0.0777426499989815
bpe_500,333,30,2000,0.7805,0.7799004359084112,0.7795811662131781,0.707711588309488,0.5952416062355042,0.19210669997846708,0.09605334998923354
bpe_500,333,35,2000,0.7715,0.7711830699389878,0.770662372632869,0.6957539277517102,0.6158798933029175,0.18706339999334887,0.09353169999667443
bpe_500,333,40,2000,0.764,0.7641388014267764,0.7630595361937205,0.6859651695887714,0.6363826990127563,0.1724718000041321,0.08623590000206605
bpe_500,333,45,2000,0.751,0.7519919947990971,0.7501994148388261,0.6688202536781571,0.6573911309242249,0.16482209996320307,0.08241104998160154
bpe_500,333,50,2000,0.737,0.7381032123588718,0.7364663772791029,0.6500192488648676,0.6847713589668274,0.16468390001682565,0.08234195000841282
bpe_1000,123,0,2000,0.813,0.8156806547571668,0.8118957207818108,0.7522014698136363,0.5166932344436646,0.22248150000814348,0.11124075000407174
bpe_1000,123,5,2000,0.811,0.8142137939860552,0.8097339530350679,0.7497808449817965,0.5283300876617432,0.20677109999815002,0.10338554999907501
bpe_1000,123,10,2000,0.801,0.8044128303569553,0.7996733602505925,0.7365280153715017,0.5467896461486816,0.18262249999679625,0.09131124999839813
bpe_1000,123,15,2000,0.804,0.8073989217541494,0.8027794872540209,0.7405284741065115,0.5569560527801514,0.17991949996212497,0.08995974998106249
bpe_1000,123,20,2000,0.7965,0.8000532090095761,0.7956023161974196,0.7303828916724467,0.5744599103927612,0.16433339996729046,0.08216669998364523
bpe_1000,123,25,2000,0.7835,0.7879166929022234,0.7820303212265997,0.7136356677194873,0.5965931415557861,0.15582280000671744,0.07791140000335872
bpe_1000,123,30,2000,0.773,0.77847392048815,0.7711825247095471,0.7001418676578743,0.6165542006492615,0.1761553999967873,0.08807769999839365
bpe_1000,123,35,2000,0.7555,0.7629386618958711,0.7535734444840937,0.6773772418788045,0.6442372798919678,0.21654460002901033,0.10827230001450516
bpe_1000,123,40,2000,0.738,0.7466476943954704,0.7360189242604687,0.6544282233938001,0.6651221513748169,0.20698960003210232,0.10349480001605116
bpe_1000,123,45,2000,0.7295,0.7381216885042392,0.7273330221004721,0.6431484430852338,0.6932780742645264,0.18967870000051335,0.09483935000025667
bpe_1000,123,50,2000,0.719,0.7306237883207198,0.7172150675473721,0.6298647134076593,0.7103464603424072,0.1838949000230059,0.09194745001150295
bpe_1000,132,0,2000,0.815,0.81785753099191,0.8140800829970702,0.7547947728475596,0.5302995443344116,0.23655969998799264,0.11827984999399632
bpe_1000,132,5,2000,0.805,0.8079924588035956,0.8036432745561283,0.7417374533090231,0.5429863929748535,0.16147140000248328,0.08073570000124164
bpe_1000,132,10,2000,0.8,0.8034687351018979,0.7986879448290675,0.7352023879811905,0.554191529750824,0.18450640002265573,0.09225320001132786
bpe_1000,132,15,2000,0.7945,0.7985424237397629,0.7932802419429018,0.7279859854245027,0.570830225944519,0.16054169996641576,0.08027084998320788
bpe_1000,132,20,2000,0.794,0.7985850343163208,0.7927665473582005,0.7274684340563109,0.5839711427688599,0.22864340001251549,0.11432170000625774
bpe_1000,132,25,2000,0.7845,0.7879052220392403,0.7831399230689975,0.7145558295530646,0.600912868976593,0.21621159999631345,0.10810579999815673
bpe_1000,132,30,2000,0.7725,0.7761867879295326,0.7709648970731857,0.6987452646808153,0.6183469295501709,0.19614740001270548,0.09807370000635274
bpe_1000,132,35,2000,0.7595,0.7646952518826567,0.7575042875471392,0.6821360765455677,0.6489283442497253,0.1650235999841243,0.08251179999206215
bpe_1000,132,40,2000,0.7475,0.7535478347692584,0.74512553669148,0.6665949628758282,0.6678072214126587,0.1730783000239171,0.08653915001195855
bpe_1000,132,45,2000,0.7305,0.7390087733066056,0.7274744114743994,0.6449528619301643,0.6975281834602356,0.1989301999565214,0.0994650999782607
bpe_1000,132,50,2000,0.7225,0.733485299119619,0.7194286818547411,0.634913561538725,0.7166724801063538,0.19951659999787807,0.09975829999893904
bpe_1000,213,0,2000,0.82,0.8199936318470801,0.8195743922687003,0.7602544744199533,0.5215997695922852,0.19789430004311725,0.09894715002155863
bpe_1000,213,5,2000,0.812,0.8123091852403325,0.8114445697035597,0.749775080989056,0.5352624654769897,0.16145010001491755,0.08072505000745878
bpe_1000,213,10,2000,0.807,0.8072318128874775,0.8067027893345979,0.7429287190783211,0.549308717250824,0.2049578000442125,0.10247890002210625
bpe_1000,213,15,2000,0.8025,0.8031792273655036,0.8023614359378544,0.7369760158600547,0.5611793994903564,0.20744670002022758,0.10372335001011379
bpe_1000,213,20,2000,0.797,0.7981276392016523,0.7970071029656006,0.7296985172044722,0.5750850439071655,0.17512379999971017,0.08756189999985509
bpe_1000,213,25,2000,0.783,0.7839369807111953,0.7828538851839916,0.711063788175786,0.5958244800567627,0.20183380000526085,0.10091690000263043
bpe_1000,213,30,2000,0.7755,0.7773642844161304,0.7757658149138048,0.7010904871208509,0.6214327216148376,0.1924834999954328,0.0962417499977164
bpe_1000,213,35,2000,0.7615,0.764333452506702,0.7616117139684033,0.6828050465328556,0.6543895602226257,0.20105490001151338,0.10052745000575669
bpe_1000,213,40,2000,0.7505,0.7557275724207735,0.750745367084741,0.6688056575786745,0.6785922646522522,0.20815560000482947,0.10407780000241473
bpe_1000,213,45,2000,0.744,0.7500549574746369,0.7440937770100904,0.6604228646973086,0.70872962474823,0.20514799997908995,0.10257399998954497
bpe_1000,213,50,2000,0.7355,0.7426835905867241,0.7359414494020988,0.649243839134658,0.7252427935600281,0.17251140001462772,0.08625570000731386
bpe_1000,231,0,2000,0.81,0.8096724496809564,0.8096624368736383,0.7467759528777973,0.5312142372131348,0.19720140000572428,0.09860070000286214
bpe_1000,231,5,2000,0.8025,0.8026540123838956,0.8021128123988236,0.7369683941622153,0.5408504009246826,0.15411209996091202,0.07705604998045601
bpe_1000,231,10,2000,0.7965,0.7967181778635355,0.7963340859035208,0.7288452556341262,0.5647977590560913,0.15930659999139607,0.07965329999569803
bpe_1000,231,15,2000,0.788,0.7892402916988575,0.7882003088966183,0.7176077511664375,0.5810045599937439,0.16137849999358878,0.08068924999679439
bpe_1000,231,20,2000,0.7785,0.7797114821991815,0.7786262465886218,0.7049672818126071,0.5968837141990662,0.165892300021369,0.0829461500106845
bpe_1000,231,25,2000,0.7695,0.7717562238660857,0.7698544953368994,0.6931423255089478,0.6220953464508057,0.15155459998641163,0.07577729999320582
bpe_1000,231,30,2000,0.7665,0.7694101775162221,0.767056699701113,0.6892157308331519,0.6418052315711975,0.1681271999841556,0.0840635999920778
bpe_1000,231,35,2000,0.746,0.7523879873906775,0.7470996969179899,0.6625706245269712,0.6663537621498108,0.14804990001721308,0.07402495000860654
bpe_1000,231,40,2000,0.7335,0.7394351513393239,0.7340465750810562,0.6460885492684272,0.692440390586853,0.15190709999296814,0.07595354999648407
bpe_1000,231,45,2000,0.721,0.7281686001884013,0.7215704689543858,0.6297466103181282,0.7148377895355225,0.165518699970562,0.082759349985281
bpe_1000,231,50,2000,0.7195,0.7274269891853713,0.7203698639654303,0.6277877646680019,0.7374471426010132,0.16405920003307983,0.08202960001653992
bpe_1000,321,0,2000,0.8155,0.8152760441649787,0.8146313378862164,0.7544666562015928,0.5469222664833069,0.1949509999831207,0.09747549999156035
bpe_1000,321,5,2000,0.809,0.8090541161935036,0.80824258411535,0.7458165303655104,0.5659460425376892,0.1421884999726899,0.07109424998634495
bpe_1000,321,10,2000,0.8055,0.8061591767240958,0.8050290166837298,0.7411666286573171,0.5780487060546875,0.14850559999467805,0.07425279999733903
bpe_1000,321,15,2000,0.8,0.8014334556740037,0.799653788029437,0.7340081971090034,0.5904096364974976,0.15208310005255044,0.07604155002627522
bpe_1000,321,20,2000,0.7905,0.7923799274305083,0.7903136247125556,0.721381428843529,0.606201708316803,0.1539780999883078,0.0769890499941539
bpe_1000,321,25,2000,0.7785,0.7806670314647173,0.77825988640558,0.7054921049902027,0.6276910901069641,0.16483280004467815,0.08241640002233908
bpe_1000,321,30,2000,0.765,0.7689564332519899,0.7648538561910735,0.6879674669803042,0.6508447527885437,0.14390530000673607,0.07195265000336803
bpe_1000,321,35,2000,0.7505,0.7565592125517042,0.7502856475059205,0.6692292685385529,0.6860743165016174,0.1544990999973379,0.07724954999866895
bpe_1000,321,40,2000,0.7345,0.7431664933566698,0.7339759962177999,0.6488410061507625,0.7109842300415039,0.1706740000518039,0.08533700002590194
bpe_1000,321,45,2000,0.725,0.7369938581038307,0.7240940401396383,0.637311741879504,0.7425535321235657,0.14649039995856583,0.07324519997928292
bpe_1000,321,50,2000,0.7055,0.7182897075276397,0.7041688152909995,0.6117578646091721,0.7765620350837708,0.17547780001768842,0.08773890000884421
bpe_1000,312,0,2000,0.808,0.8086524477324362,0.8068405759786239,0.7448946591564548,0.5341910719871521,0.19161600002553314,0.09580800001276657
bpe_1000,312,5,2000,0.7995,0.8001945528757434,0.7984712893721825,0.7334974562805479,0.5480184555053711,0.17414149997057393,0.08707074998528697
bpe_1000,312,10,2000,0.795,0.7959485398427797,0.7940881974684626,0.7275147155869054,0.562463641166687,0.15421870001591742,0.07710935000795871
bpe_1000,312,15,2000,0.784,0.7853429715525958,0.783258646411848,0.7128792847986829,0.5778411626815796,0.1796180999954231,0.08980904999771155
bpe_1000,312,20,2000,0.783,0.7844833452096575,0.7821823110694393,0.7116546547013768,0.5942051410675049,0.14622890000464395,0.07311445000232197
bpe_1000,312,25,2000,0.771,0.7735331031036491,0.7700350781224393,0.6960951273538074,0.6174966096878052,0.15598380001029,0.077991900005145
bpe_1000,312,30,2000,0.7605,0.7633564554401884,0.7595801674323789,0.682151735833015,0.6418660879135132,0.1617066000471823,0.08085330002359115
bpe_1000,312,35,2000,0.7535,0.7589488108270213,0.7525824537795613,0.6736327738439567,0.66792893409729,0.1501624999800697,0.07508124999003485
bpe_1000,312,40,2000,0.7365,0.7427511671934086,0.7353494278437094,0.6514055047595193,0.6893823146820068,0.15136750001693144,0.07568375000846572
bpe_1000,312,45,2000,0.737,0.7460373834689578,0.7364483586990226,0.6526957626775027,0.7193995714187622,0.15027119999285787,0.07513559999642894
bpe_1000,312,50,2000,0.729,0.741478058829758,0.7284817627576333,0.6429711936456031,0.7348480820655823,0.14839649997884408,0.07419824998942204
bpe_1000,111,0,2000,0.8215,0.8218575000962026,0.8207428865540487,0.7625790172946435,0.5213291049003601,0.18822389998240396,0.09411194999120198
bpe_1000,111,5,2000,0.8145,0.8157248283928347,0.8134887408062788,0.7536538460835511,0.5400102734565735,0.160761300008744,0.080380650004372
bpe_1000,111,10,2000,0.8095,0.8109175272826643,0.808532347300775,0.747036859685939,0.5595213770866394,0.15698660002090037,0.07849330001045018
bpe_1000,111,15,2000,0.804,0.8050418580466671,0.8031650281887194,0.7395000598379328,0.5732461214065552,0.17184019996784627,0.08592009998392314
bpe_1000,111,20,2000,0.795,0.7966068840089128,0.7939954509002547,0.7277403906805515,0.5913347005844116,0.1522774999612011,0.07613874998060055
bpe_1000,111,25,2000,0.785,0.786616230455994,0.7835664203249276,0.7146217668388412,0.6106685400009155,0.14573550003115088,0.07286775001557544
bpe_1000,111,30,2000,0.7775,0.7795974732429185,0.7760763132471643,0.7047539045003914,0.6369580626487732,0.15856150002218783,0.07928075001109391
bpe_1000,111,35,2000,0.767,0.7702747509381644,0.7655744572475554,0.6910960332543156,0.6681127548217773,0.14996140002040192,0.07498070001020096
bpe_1000,111,40,2000,0.7505,0.7550239771125357,0.748708976102334,0.6696132299939617,0.694283664226532,0.16110620001563802,0.08055310000781901
bpe_1000,111,45,2000,0.734,0.7398206610430287,0.7311072875006914,0.6484071527220087,0.7209189534187317,0.15148040000349283,0.07574020000174642
bpe_1000,111,50,2000,0.7195,0.7276862734764161,0.7171996142447138,0.6295259870398868,0.7461728453636169,0.15421449998393655,0.07710724999196827
bpe_1000,222,0,2000,0.823,0.8230098228276564,0.8224088053890688,0.7643641788931531,0.5138493776321411,0.18455449998145923,0.09227724999072962
bpe_1000,222,5,2000,0.8225,0.8226423224908772,0.8217633569998786,0.7638294744048462,0.5258119106292725,0.140025400032755,0.0700127000163775
bpe_1000,222,10,2000,0.816,0.816072104635128,0.8153893548939989,0.7550699817508164,0.5414161086082458,0.16578579996712506,0.08289289998356253
bpe_1000,222,15,2000,0.8145,0.8147704816744216,0.8141522753602028,0.752972184364538,0.5524951815605164,0.15552849997766316,0.07776424998883158
bpe_1000,222,20,2000,0.8095,0.8100567831985063,0.8091024971784594,0.7464253348164611,0.5730921030044556,0.15366640000138432,0.07683320000069216
bpe_1000,222,25,2000,0.796,0.7959003342646793,0.7953342569413685,0.728383473445524,0.5903267860412598,0.17749380000168458,0.08874690000084229
bpe_1000,222,30,2000,0.7815,0.7814650029493683,0.7805618130788955,0.7092345180187752,0.6106396317481995,0.1470467000035569,0.07352335000177845
bpe_1000,222,35,2000,0.769,0.7703414770280339,0.7684310665454295,0.6927770388351902,0.6407343149185181,0.1440374000230804,0.0720187000115402
bpe_1000,222,40,2000,0.7595,0.7620415245308498,0.7593628926813588,0.6802484294831684,0.6635375618934631,0.1509451000019908,0.0754725500009954
bpe_1000,222,45,2000,0.751,0.7535293689378605,0.7503059218327207,0.6692240147146623,0.6873217821121216,0.17211899999529123,0.08605949999764562
bpe_1000,222,50,2000,0.7365,0.7409782666957916,0.7362562286970843,0.6502473886581618,0.7046886682510376,0.1493664999725297,0.07468324998626485
bpe_1000,333,0,2000,0.813,0.8135829353179014,0.8126994036008901,0.7510470431425476,0.5221397280693054,0.21277420001570135,0.10638710000785068
bpe_1000,333,5,2000,0.8075,0.8085082778631165,0.8073791334507505,0.7437340660433369,0.5378900766372681,0.14367979997768998,0.07183989998884499
bpe_1000,333,10,2000,0.801,0.8023837526887738,0.8009961860340489,0.7351125251048087,0.5499824285507202,0.17268649995094165,0.08634324997547083
bpe_1000,333,15,2000,0.7975,0.798979525256116,0.7976437926119829,0.7303903762477751,0.5619151592254639,0.16505820001475513,0.08252910000737756
bpe_1000,333,20,2000,0.7945,0.7960925560485167,0.7948064002220205,0.726313108439153,0.5734798908233643,0.15974209998967126,0.07987104999483563
bpe_1000,333,25,2000,0.784,0.7864595814789456,0.7843474232215066,0.7125664779979434,0.5990498065948486,0.16374460002407432,0.08187230001203716
bpe_1000,333,30,2000,0.774,0.7763185479193966,0.7743567048317053,0.6991592813974898,0.6229472756385803,0.15956629998981953,0.07978314999490976
bpe_1000,333,35,2000,0.758,0.7602854120518515,0.7579607835351022,0.6780583392806419,0.6542584896087646,0.1749405000009574,0.0874702500004787
bpe_1000,333,40,2000,0.743,0.7471261375364842,0.7429936392658159,0.6585754804780584,0.6824466586112976,0.14726130000781268,0.07363065000390634
bpe_1000,333,45,2000,0.726,0.7308434369334186,0.7260326080069301,0.6360771413694024,0.7110545635223389,0.1657878999831155,0.08289394999155775
bpe_1000,333,50,2000,0.712,0.7197326153146657,0.7125191116997908,0.6179402889913858,0.7313331365585327,0.1489527000230737,0.07447635001153685
bpe_2000,123,0,2000,0.8325,0.8355584360118112,0.8314154075602342,0.778314025331889,0.4964899718761444,0.2065256999921985,0.10326284999609925
bpe_2000,123,5,2000,0.8255,0.828864386835689,0.8243542013456828,0.7691310991201669,0.5118300318717957,0.14157089998479933,0.07078544999239966
bpe_2000,123,10,2000,0.8175,0.8213968819626083,0.8161916982036491,0.7586846698585727,0.5372819900512695,0.14407569996546954,0.07203784998273477
bpe_2000,123,15,2000,0.8065,0.811893721278668,0.8049378496160098,0.7445299925037269,0.553403913974762,0.17684099997859448,0.08842049998929724
bpe_2000,123,20,2000,0.803,0.8105535748830464,0.8015479033303465,0.7404246423848728,0.5687496066093445,0.1290834000101313,0.06454170000506565
bpe_2000,123,25,2000,0.7915,0.8014234253147745,0.7901495469014914,0.7256067642545504,0.5912537574768066,0.13754399999743327,0.06877199999871664
bpe_2000,123,30,2000,0.7785,0.7880045843441188,0.7770015318734507,0.7082125934221424,0.6095041632652283,0.14059159997850657,0.07029579998925328
bpe_2000,123,35,2000,0.758,0.7709226580064937,0.7561107189941711,0.6819606778420586,0.6519379019737244,0.13606180000351742,0.06803090000175871
bpe_2000,123,40,2000,0.747,0.7610865887314979,0.7437006169834749,0.6682595691664456,0.6915110945701599,0.1513305000262335,0.07566525001311675
bpe_2000,123,45,2000,0.723,0.7422456842097789,0.7187745039648177,0.6378856425126586,0.7282261252403259,0.14721150003606454,0.07360575001803227
bpe_2000,123,50,2000,0.709,0.7324792554384392,0.7043088997920969,0.6204427259897517,0.768061637878418,0.15271509997546673,0.07635754998773336
bpe_2000,132,0,2000,0.828,0.8312613658523312,0.8275314003593273,0.7720648553861233,0.4956822693347931,0.20438710000598803,0.10219355000299402
bpe_2000,132,5,2000,0.83,0.8350116605862908,0.829610798057221,0.7752726483946951,0.5079408288002014,0.1599306999705732,0.0799653499852866
bpe_2000,132,10,2000,0.823,0.8290922774107279,0.822783294276275,0.7661977980267537,0.5232916474342346,0.14095809997525066,0.07047904998762533
bpe_2000,132,15,2000,0.81,0.8175361931463906,0.8101640645871373,0.7490843678103477,0.5408461689949036,0.1557094000163488,0.0778547000081744
bpe_2000,132,20,2000,0.809,0.8160795826555697,0.8089041019391675,0.7477432050591706,0.5517424941062927,0.13854379998520017,0.06927189999260008
bpe_2000,132,25,2000,0.7935,0.8017981369638082,0.7934739961330577,0.7273993044738657,0.5647329688072205,0.14095119998091832,0.07047559999045916
bpe_2000,132,30,2000,0.79,0.800232408914486,0.7898599714523155,0.7234818144472578,0.5786916017532349,0.14817570004379377,0.07408785002189688
bpe_2000,132,35,2000,0.777,0.7889337820378821,0.7769232209534045,0.7066456848205945,0.6097148656845093,0.1472654000390321,0.07363270001951605
bpe_2000,132,40,2000,0.761,0.7756208846989454,0.760895774232424,0.6862691161375384,0.63545823097229,0.14473699999507517,0.07236849999753758
bpe_2000,132,45,2000,0.7485,0.7661152300889723,0.7482764596844927,0.6706443822242304,0.6588957905769348,0.1404010999831371,0.07020054999156855
bpe_2000,132,50,2000,0.7385,0.7555963159114163,0.7381507577381787,0.6572651905751851,0.6861900687217712,0.15588420000858605,0.07794210000429302
bpe_2000,213,0,2000,0.836,0.8375600038032982,0.8352326541309676,0.7822705333252602,0.47575244307518005,0.17475350003223866,0.08737675001611933
bpe_2000,213,5,2000,0.83,0.8310567709383772,0.8290939182203976,0.7741991139741479,0.487761527299881,0.1403312999755144,0.0701656499877572
bpe_2000,213,10,2000,0.8185,0.8203334622577914,0.817425235781656,0.759177638718438,0.5037012100219727,0.14692089997697622,0.07346044998848811
bpe_2000,213,15,2000,0.8115,0.8146049510769797,0.8103113776241337,0.7502749793033554,0.5256399512290955,0.1824231999926269,0.09121159999631345
bpe_2000,213,20,2000,0.8075,0.8103823049818196,0.8064472464606766,0.7447955610607515,0.5401833057403564,0.13447220000671223,0.06723610000335611
bpe_2000,213,25,2000,0.806,0.810314647187897,0.8049071689750632,0.7432163036130953,0.553811252117157,0.15740720002213493,0.07870360001106746
bpe_2000,213,30,2000,0.7965,0.8005932491845815,0.7951617488202855,0.7305850227157085,0.5690884590148926,0.13500529999146238,0.06750264999573119
bpe_2000,213,35,2000,0.78,0.7848346388745004,0.7783595589559403,0.7089120387762747,0.6032634377479553,0.14740459999302402,0.07370229999651201
bpe_2000,213,40,2000,0.77,0.7764734886391398,0.7676476308860514,0.6964572174573951,0.6395176649093628,0.1493192000198178,0.0746596000099089
bpe_2000,213,45,2000,0.756,0.7643606034816232,0.7535452677558567,0.6782109897116649,0.6634497046470642,0.15170500002568588,0.07585250001284294
bpe_2000,213,50,2000,0.7395,0.7494268001805321,0.7366319831029446,0.6568286009103698,0.6931967735290527,0.15606579999439418,0.07803289999719709
bpe_2000,231,0,2000,0.835,0.835758350201536,0.834643801748395,0.7804858736100888,0.49791282415390015,0.1963736999896355,0.09818684999481775
bpe_2000,231,5,2000,0.8275,0.828438892347796,0.8272297886434359,0.7704873589754027,0.5115878582000732,0.14608279999811202,0.07304139999905601
bpe_2000,231,10,2000,0.8175,0.8182483881878225,0.81682078724437,0.7573344251286935,0.5271058082580566,0.15055130003020167,0.07527565001510084
bpe_2000,231,15,2000,0.805,0.806060739129534,0.8044091864783123,0.7406960876077981,0.551307737827301,0.1409581999760121,0.07047909998800606
bpe_2000,231,20,2000,0.8035,0.8042932234025686,0.802974441274879,0.7385676843400475,0.560958206653595,0.13786710001295432,0.06893355000647716
bpe_2000,231,25,2000,0.792,0.7928848207252639,0.791537489240935,0.7232211076335774,0.579312264919281,0.13641160004772246,0.06820580002386123
bpe_2000,231,30,2000,0.784,0.7860701266344747,0.7838071057436776,0.7127447321595308,0.5907315611839294,0.13333029998466372,0.06666514999233186
bpe_2000,231,35,2000,0.768,0.7713997436540462,0.7676619069817823,0.6918866157748192,0.6211566925048828,0.13480699999490753,0.06740349999745376
bpe_2000,231,40,2000,0.754,0.7571954405257333,0.7533797482517735,0.6733162732801669,0.649921178817749,0.14858839998487383,0.07429419999243692
bpe_2000,231,45,2000,0.732,0.7364507372848383,0.7313189901571877,0.6443761011892712,0.6752007603645325,0.14456779998727143,0.07228389999363571
bpe_2000,231,50,2000,0.721,0.7250760895844821,0.7203088744426295,0.6295782321971212,0.7096902132034302,0.15260030003264546,0.07630015001632273
bpe_2000,321,0,2000,0.8195,0.8230746367439647,0.8181890627765732,0.7611057289578804,0.5035675764083862,0.18737220001639798,0.09368610000819899
bpe_2000,321,5,2000,0.8255,0.8305409584818504,0.8239469712727152,0.7696573590370414,0.5172539949417114,0.14483139995718375,0.07241569997859187
bpe_2000,321,10,2000,0.8165,0.8229333860485151,0.8149533142054419,0.7579851085494647,0.5369388461112976,0.1550522000179626,0.0775261000089813
bpe_2000,321,15,2000,0.808,0.8155490166234687,0.8060258945685088,0.7471652208665095,0.5546329617500305,0.1373467999510467,0.06867339997552335
bpe_2000,321,20,2000,0.7995,0.8084939531368103,0.7980299254376452,0.735959354984876,0.5722472667694092,0.13369170000078157,0.06684585000039078
bpe_2000,321,25,2000,0.7895,0.8016061273203814,0.7878818228427384,0.7234394118444657,0.5927834510803223,0.14604989998042583,0.07302494999021292
bpe_2000,321,30,2000,0.7775,0.7909986582162424,0.7740949852134114,0.708635575679009,0.6066270470619202,0.1311320000095293,0.06556600000476465
bpe_2000,321,35,2000,0.7625,0.7783895062172558,0.7584406754695926,0.6895175383119778,0.6436696648597717,0.13545930001419038,0.06772965000709519
bpe_2000,321,40,2000,0.743,0.7638198158277922,0.736878087746653,0.6658373372061555,0.679111897945404,0.14526449999539182,0.07263224999769591
bpe_2000,321,45,2000,0.7325,0.7567725885399762,0.7257444773844336,0.652850539276258,0.7095577120780945,0.13963460002560169,0.06981730001280084
bpe_2000,321,50,2000,0.711,0.7393547715598818,0.7029254063692711,0.6256947404812689,0.7465258836746216,0.16895619995193556,0.08447809997596778
bpe_2000,312,0,2000,0.8345,0.8346642203691752,0.833774380102759,0.7798172300902915,0.4868170917034149,0.1971254000090994,0.0985627000045497
bpe_2000,312,5,2000,0.8305,0.830579476967784,0.8298643480761629,0.7744012437933573,0.5003711581230164,0.14902279997477308,0.07451139998738654
bpe_2000,312,10,2000,0.825,0.8248286341723451,0.8242829357463575,0.7670502877397931,0.5135418772697449,0.16224249999504536,0.08112124999752268
bpe_2000,312,15,2000,0.812,0.8117820050241276,0.8112894531720337,0.7497000263245741,0.5336562395095825,0.14659280003979802,0.07329640001989901
bpe_2000,312,20,2000,0.8075,0.807139590048908,0.806702585468387,0.7437099938756133,0.5441194772720337,0.12686680001206696,0.06343340000603348
bpe_2000,312,25,2000,0.7945,0.7945809206746514,0.7937668597236609,0.7264704208279372,0.5620829463005066,0.13726230000611395,0.06863115000305697
bpe_2000,312,30,2000,0.79,0.7900957971441377,0.7893649134046731,0.7204153190778507,0.5676517486572266,0.1426117999944836,0.0713058999972418
bpe_2000,312,35,2000,0.773,0.7740063617492371,0.7722255656757253,0.6981140286353092,0.6053169369697571,0.13886679999995977,0.06943339999997988
bpe_2000,312,40,2000,0.7615,0.7632776815820564,0.7605563540693863,0.683134261391221,0.639218270778656,0.14132340002106503,0.07066170001053251
bpe_2000,312,45,2000,0.7485,0.7506166993487731,0.7471521427710502,0.6661143741690435,0.6681021451950073,0.15946430002804846,0.07973215001402423
bpe_2000,312,50,2000,0.7345,0.7384193116884981,0.7331511199279928,0.6479487204177594,0.6980019807815552,0.14689989999169484,0.07344994999584742
bpe_2000,111,0,2000,0.8175,0.8164343992710656,0.8167981611259884,0.7567668187695199,0.49153265357017517,0.16766049998113886,0.08383024999056943
bpe_2000,111,5,2000,0.8205,0.8195158606476176,0.8198243834365306,0.7607795240002665,0.5022975206375122,0.15204289997927845,0.07602144998963922
bpe_2000,111,10,2000,0.819,0.8183744900840779,0.8183086394159043,0.7588999377657089,0.5171912908554077,0.15123790001962334,0.07561895000981167
bpe_2000,111,15,2000,0.814,0.8132295074580617,0.8132959879456516,0.7521928368155907,0.528403103351593,0.15740820002974942,0.07870410001487471
bpe_2000,111,20,2000,0.8165,0.8159539734935858,0.8159021984168294,0.7555305525480155,0.5373759865760803,0.1387690000119619,0.06938450000598095
bpe_2000,111,25,2000,0.806,0.80533547008547,0.8053511656908541,0.741527144421701,0.5552562475204468,0.15917009999975562,0.07958504999987781
bpe_2000,111,30,2000,0.797,0.7966383452874112,0.7965974957856785,0.7294678109619847,0.5684766173362732,0.1513544999761507,0.07567724998807535
bpe_2000,111,35,2000,0.787,0.7871111777773319,0.7864803690482584,0.7163463177672836,0.593350350856781,0.1488971000071615,0.07444855000358075
bpe_2000,111,40,2000,0.7755,0.7767851197753337,0.7746225471410648,0.7015605565814215,0.6186658143997192,0.15024270000867546,0.07512135000433773
bpe_2000,111,45,2000,0.7695,0.7720891375755177,0.7682101670163399,0.6941265618073306,0.6453807353973389,0.1409239000058733,0.07046195000293665
bpe_2000,111,50,2000,0.7515,0.754066226691446,0.7499929448392468,0.6702548179439437,0.6761295199394226,0.15431040001567453,0.07715520000783727
bpe_2000,222,0,2000,0.8325,0.8359552346364334,0.8321382566849651,0.7779719018211835,0.4856860339641571,0.17835070000728592,0.08917535000364296
bpe_2000,222,5,2000,0.8285,0.8340889920089294,0.8284487519078202,0.7731386581675953,0.4984641671180725,0.17153210000833496,0.08576605000416748
bpe_2000,222,10,2000,0.821,0.8281681081361139,0.8207873888388884,0.7637816130335235,0.5132566094398499,0.14000740001210943,0.07000370000605471
bpe_2000,222,15,2000,0.813,0.8201036819539953,0.8126246557205681,0.7532110428744988,0.5313195586204529,0.2057857999461703,0.10289289997308515
bpe_2000,222,20,2000,0.809,0.8166280716517988,0.8086863076237842,0.7480441703461937,0.5431019067764282,0.14816460001748055,0.07408230000874028
bpe_2000,222,25,2000,0.8,0.8090051083774406,0.7998071987174137,0.7364529271117592,0.5600562691688538,0.1448761000065133,0.07243805000325665
bpe_2000,222,30,2000,0.793,0.8028819031294434,0.7926320772756418,0.7274962608813067,0.5758497714996338,0.15079660003539175,0.07539830001769587
bpe_2000,222,35,2000,0.7765,0.7879319654055223,0.7758909741013302,0.7061928735720922,0.6043051481246948,0.15224429999943823,0.07612214999971911
bpe_2000,222,40,2000,0.7615,0.7770655063725264,0.760807010693593,0.6877873183493122,0.6344785094261169,0.14426049997564405,0.07213024998782203
bpe_2000,222,45,2000,0.75,0.768539356939653,0.7490340181701777,0.67362545891606,0.6617037057876587,0.14095470000756904,0.07047735000378452
bpe_2000,222,50,2000,0.7375,0.7617656236537355,0.7370741785389608,0.6587345399245698,0.6955704689025879,0.14534059999277815,0.07267029999638908
bpe_2000,333,0,2000,0.819,0.8184270954184352,0.8183191210879159,0.7589067721582865,0.5074395537376404,0.19365820003440604,0.09682910001720302
bpe_2000,333,5,2000,0.817,0.8167702378114517,0.8164572533190361,0.7562624686228218,0.5206673741340637,0.1398736999835819,0.06993684999179095
bpe_2000,333,10,2000,0.8165,0.8163922537296674,0.8159311692801676,0.7556510254300165,0.5362208485603333,0.15570010000374168,0.07785005000187084
bpe_2000,333,15,2000,0.809,0.8091921428645013,0.8084982607909796,0.7456953320008018,0.5579593181610107,0.22670020000077784,0.11335010000038892
bpe_2000,333,20,2000,0.8025,0.802010407221025,0.8018808351641746,0.7368926817500316,0.5658220648765564,0.15290659997845069,0.07645329998922534
bpe_2000,333,25,2000,0.7915,0.7915139419640055,0.7910217883233637,0.7222925877590665,0.5827407240867615,0.1512483999831602,0.0756241999915801
bpe_2000,333,30,2000,0.782,0.7818621042058982,0.7813606712584549,0.7096690862354724,0.5999327301979065,0.13929660001304,0.06964830000652
bpe_2000,333,35,2000,0.77,0.7696772574571803,0.7693179819100604,0.6936392957423494,0.6322523355484009,0.1440862999879755,0.07204314999398775
bpe_2000,333,40,2000,0.7575,0.7575941587083896,0.7570391921874494,0.6769616605702978,0.6644572615623474,0.13478299998678267,0.06739149999339134
bpe_2000,333,45,2000,0.746,0.7460595506635809,0.7453102853312834,0.6617563308196313,0.6942459940910339,0.15229889994952828,0.07614944997476414
bpe_2000,333,50,2000,0.732,0.7317842749748121,0.7312870820519866,0.6430249313579529,0.7216011881828308,0.14121010003145784,0.07060505001572892
bpe_5000,123,0,2000,0.8425,0.8457315680258115,0.8419066524222607,0.7914610666189098,0.45691418647766113,0.16453730000648648,0.08226865000324324
bpe_5000,123,5,2000,0.8405,0.8437461327150308,0.8400914003117651,0.7886950076804156,0.47559863328933716,0.14113230002112687,0.07056615001056343
bpe_5000,123,10,2000,0.8315,0.8354974067960731,0.8311934809912181,0.776872287896416,0.48694488406181335,0.14057819999288768,0.07028909999644384
bpe_5000,123,15,2000,0.824,0.8293000082853401,0.8235368391767673,0.7673641641179498,0.507337212562561,0.15703350002877414,0.07851675001438707
bpe_5000,123,20,2000,0.8185,0.8241847369742941,0.8172887128478175,0.7606233500928993,0.5209407210350037,0.15089160000206903,0.07544580000103451
bpe_5000,123,25,2000,0.81,0.8174284284896305,0.8086864163761194,0.7499044951118953,0.536512017250061,0.17511050001485273,0.08755525000742637
bpe_5000,123,30,2000,0.7955,0.8038721873803037,0.7936059456910644,0.7310610133673803,0.5600801706314087,0.1302997000166215,0.06514985000831075
bpe_5000,123,35,2000,0.7885,0.8002402810991116,0.7864321561323333,0.7227176393896845,0.5911766886711121,0.1339534999569878,0.0669767499784939
bpe_5000,123,40,2000,0.7675,0.7810928008477432,0.7647904153902612,0.695719363271297,0.6278919577598572,0.12851579999551177,0.06425789999775589
bpe_5000,123,45,2000,0.7605,0.7766922149836497,0.7580408831460353,0.6869237303331959,0.6539806127548218,0.15233379998244345,0.07616689999122173
bpe_5000,123,50,2000,0.743,0.761525619477914,0.7405283732161754,0.6642121085903651,0.6829438805580139,0.12792629998875782,0.06396314999437891
bpe_5000,132,0,2000,0.839,0.8408656170839539,0.8385254204263577,0.7862629836857153,0.4600661098957062,0.19188520003808662,0.09594260001904331
bpe_5000,132,5,2000,0.837,0.8388003037006323,0.8366742900702824,0.7834832205315938,0.4786665737628937,0.158119700034149,0.0790598500170745
bpe_5000,132,10,2000,0.8295,0.8314694104856883,0.8291014561574017,0.773580805716455,0.4957512319087982,0.14954680000664666,0.07477340000332333
bpe_5000,132,15,2000,0.8255,0.8284799753958104,0.8252253256523125,0.7685172494759023,0.5149629712104797,0.19227840000530705,0.09613920000265352
bpe_5000,132,20,2000,0.8235,0.8267362785215291,0.8232989357753819,0.76590101726427,0.5215224623680115,0.12913429999025539,0.06456714999512769
bpe_5000,132,25,2000,0.8195,0.8226764488046642,0.8192760694339214,0.7605542422935139,0.5302572846412659,0.12818280002102256,0.06409140001051128
bpe_5000,132,30,2000,0.813,0.8165529788537133,0.812592270592219,0.7521289733680113,0.5466139316558838,0.13631159998476505,0.06815579999238253
bpe_5000,132,35,2000,0.8005,0.8042503860256812,0.7997827301475958,0.7357036551153339,0.5743234157562256,0.15106560004642233,0.07553280002321117
bpe_5000,132,40,2000,0.786,0.7913607494619805,0.7852822290957544,0.7169566988766317,0.604459285736084,0.13560789998155087,0.06780394999077544
bpe_5000,132,45,2000,0.7765,0.7828323770565676,0.775769014238478,0.7045511011566877,0.6276369690895081,0.1409665999817662,0.0704832999908831
bpe_5000,132,50,2000,0.765,0.7722745453281167,0.7643959546808791,0.689495494036277,0.6547335386276245,0.12858299998333678,0.06429149999166839
bpe_5000,213,0,2000,0.845,0.8460129598991044,0.844670007492681,0.793870966027646,0.4407449960708618,0.17235700000310317,0.08617850000155158
bpe_5000,213,5,2000,0.8365,0.8375926258751014,0.8360125097146616,0.7826611060754362,0.45906975865364075,0.13735890004318208,0.06867945002159104
bpe_5000,213,10,2000,0.8325,0.8331380660866424,0.8317796472099284,0.7773235234659355,0.47802600264549255,0.1478690000367351,0.07393450001836754
bpe_5000,213,15,2000,0.8285,0.8299059929494712,0.8278335965854237,0.7722056462068035,0.49722960591316223,0.13940699998056516,0.06970349999028258
bpe_5000,213,20,2000,0.822,0.8238210144009125,0.8212151702111513,0.7637540080485937,0.5059697031974792,0.15617309999652207,0.07808654999826103
bpe_5000,213,25,2000,0.8135,0.8158440151537463,0.8124802312471151,0.7527334651897172,0.5236499309539795,0.14328919997205958,0.07164459998602979
bpe_5000,213,30,2000,0.8095,0.8120477663441876,0.8081833421817401,0.7476248592729787,0.5436082482337952,0.14835129998391494,0.07417564999195747
bpe_5000,213,35,2000,0.7995,0.8030573199309383,0.7981115718081802,0.7346302639730299,0.5712124109268188,0.1302676000050269,0.06513380000251345
bpe_5000,213,40,2000,0.781,0.7866519762780388,0.779282798752386,0.7107877268586466,0.6013216376304626,0.1334904000395909,0.06674520001979545
bpe_5000,213,45,2000,0.7675,0.773870565367799,0.7652579679852979,0.6932494813353812,0.624704897403717,0.15828430000692606,0.07914215000346303
bpe_5000,213,50,2000,0.7525,0.7598395817514001,0.7506568808829929,0.6733388363534724,0.6504965424537659,0.133208499988541,0.0666042499942705
bpe_5000,231,0,2000,0.8415,0.8426824816697779,0.8415115610010886,0.7890536608797384,0.4832920432090759,0.20245499996235594,0.10122749998117797
bpe_5000,231,5,2000,0.8325,0.8336384698254369,0.8325799699739427,0.7769925538862821,0.49248993396759033,0.1470532999956049,0.07352664999780245
bpe_5000,231,10,2000,0.827,0.827871952614451,0.8267590936711678,0.7697745405872042,0.507268488407135,0.1388262999826111,0.06941314999130554
bpe_5000,231,15,2000,0.8175,0.8189946746625422,0.817280919082364,0.7572954829847038,0.5239607691764832,0.12088599998969585,0.060442999994847924
bpe_5000,231,20,2000,0.8145,0.8158606855310927,0.8143615346535055,0.7532043954849957,0.5333898663520813,0.13084250001702458,0.06542125000851229
bpe_5000,231,25,2000,0.8025,0.8042444767446676,0.8024163710132403,0.7372973256021069,0.555305004119873,0.13044010003795847,0.06522005001897924
bpe_5000,231,30,2000,0.797,0.7989850823434657,0.7969958731848916,0.7299942773669807,0.5685074329376221,0.1489142999635078,0.0744571499817539
bpe_5000,231,35,2000,0.7825,0.7851267675668832,0.782867048532292,0.7106204055624348,0.5940883755683899,0.13625979999778792,0.06812989999889396
bpe_5000,231,40,2000,0.762,0.7656573152746184,0.7624021932877032,0.6835807696168972,0.630282461643219,0.13364600000204518,0.06682300000102259
bpe_5000,231,45,2000,0.756,0.7602370524879449,0.7566808174911639,0.6755664448060896,0.6555430889129639,0.13753389997873455,0.06876694998936728
bpe_5000,231,50,2000,0.7385,0.7433797052248068,0.7393823325498297,0.65232278764906,0.6757791042327881,0.13561190001200885,0.06780595000600442
bpe_5000,321,0,2000,0.841,0.8423405982680374,0.8396886202040019,0.7891978591528049,0.465972363948822,0.19884000002639368,0.09942000001319684
bpe_5000,321,5,2000,0.8325,0.8341388671427795,0.8309383489828288,0.7780653291265842,0.48530980944633484,0.14897650002967566,0.07448825001483783
bpe_5000,321,10,2000,0.8295,0.8326196583238937,0.8278630291487049,0.7745394435381119,0.501211404800415,0.14924040000187233,0.07462020000093617
bpe_5000,321,15,2000,0.822,0.8257969944484305,0.8203113742585424,0.764762950836002,0.5181876420974731,0.1543991999933496,0.0771995999966748
bpe_5000,321,20,2000,0.816,0.8205624299796157,0.8140966286919358,0.7571148439200573,0.5283725261688232,0.12826749996747822,0.06413374998373911
bpe_5000,321,25,2000,0.8045,0.8109134869727296,0.802279269757116,0.7424574853002434,0.5535887479782104,0.13195270003052428,0.06597635001526214
bpe_5000,321,30,2000,0.7915,0.8007756628986702,0.7881975925767184,0.7264397646885453,0.5732619762420654,0.12278370000422001,0.061391850002110004
bpe_5000,321,35,2000,0.7815,0.7918547823726332,0.7787605524195675,0.7131105941047194,0.6064653396606445,0.14080729999113828,0.07040364999556914
bpe_5000,321,40,2000,0.7645,0.7779868469890978,0.7600006426382769,0.6920397193770795,0.6435466408729553,0.14289540000027046,0.07144770000013523
bpe_5000,321,45,2000,0.751,0.7679348487077051,0.7464996114751055,0.6748886507963187,0.6698885560035706,0.1316254999837838,0.0658127499918919
bpe_5000,321,50,2000,0.734,0.7509053049862585,0.7293432184434713,0.6522292837841316,0.7026326656341553,0.14166550000663847,0.07083275000331923
bpe_5000,312,0,2000,0.833,0.8336552399649914,0.8327637870166722,0.7776831101643839,0.45890259742736816,0.19097140000667423,0.09548570000333712
bpe_5000,312,5,2000,0.8285,0.8290995286608364,0.8283427084351833,0.7716052434907376,0.4746183753013611,0.15149949997430667,0.07574974998715334
bpe_5000,312,10,2000,0.83,0.8302726003806049,0.8298120106077728,0.7735244174662531,0.48310694098472595,0.13102329999674112,0.06551164999837056
bpe_5000,312,15,2000,0.82,0.8202506086577039,0.8196849819313463,0.7602552351847741,0.5014768242835999,0.1715717000188306,0.0857858500094153
bpe_5000,312,20,2000,0.8185,0.8185796621091741,0.8180758997292976,0.7582702451212655,0.5062800645828247,0.12779679999221116,0.06389839999610558
bpe_5000,312,25,2000,0.807,0.8066481835458363,0.806496458730064,0.7428581011036993,0.5214025378227234,0.1344256000011228,0.0672128000005614
bpe_5000,312,30,2000,0.799,0.7986631661437527,0.7984322381503887,0.7322372833259257,0.5393078327178955,0.1440396000398323,0.07201980001991615
bpe_5000,312,35,2000,0.7895,0.7889474995272244,0.7885949814836106,0.7197083991393928,0.5615137815475464,0.14082699996652082,0.07041349998326041
bpe_5000,312,40,2000,0.7785,0.7775918276915286,0.7772840201099014,0.7051300894198318,0.5926951766014099,0.14700729999458417,0.07350364999729209
bpe_5000,312,45,2000,0.773,0.7729608180990517,0.7715060583629307,0.6982339376931059,0.6148613095283508,0.13679230003617704,0.06839615001808852
bpe_5000,312,50,2000,0.7595,0.7599772585057086,0.7582547631069219,0.6802507031023055,0.6446611881256104,0.13245949998963624,0.06622974999481812
bpe_5000,111,0,2000,0.8405,0.8395232146708784,0.839726252183494,0.7875123815021838,0.4580652415752411,0.211941699963063,0.1059708499815315
bpe_5000,111,5,2000,0.8335,0.8326537947234218,0.8328296241361004,0.7781533113049784,0.4776821434497833,0.15183089999482036,0.07591544999741018
bpe_5000,111,10,2000,0.8285,0.8277418357845608,0.8276693266284235,0.7716119355388412,0.4927719831466675,0.19765789998928085,0.09882894999464042
bpe_5000,111,15,2000,0.817,0.816959287442355,0.8160323242744881,0.7565759735572687,0.5100497603416443,0.1820655000046827,0.09103275000234134
bpe_5000,111,20,2000,0.8125,0.8121563836215926,0.811352116547954,0.7505942054149254,0.5149475932121277,0.16098589997272938,0.08049294998636469
bpe_5000,111,25,2000,0.809,0.8085039827715639,0.807904446533185,0.7458491420664416,0.5320942401885986,0.20320290001109242,0.10160145000554621
bpe_5000,111,30,2000,0.7995,0.7994772445378258,0.798401133027672,0.7333286723818316,0.5495494604110718,0.1710804000031203,0.08554020000156015
bpe_5000,111,35,2000,0.784,0.7849037964274849,0.7825454753248405,0.7131278716584164,0.5772787928581238,0.1532537000020966,0.0766268500010483
bpe_5000,111,40,2000,0.765,0.7677926735922915,0.7629331619296922,0.6886791730369131,0.6121695637702942,0.1605798999662511,0.08028994998312555
bpe_5000,111,45,2000,0.759,0.7638831658980196,0.7566216476365976,0.6813402679181555,0.6359049081802368,0.18915589997777715,0.09457794998888858
bpe_5000,111,50,2000,0.749,0.7555080537187702,0.7464639333258418,0.6685386375419284,0.6633710861206055,0.17101270001148805,0.08550635000574403
bpe_5000,222,0,2000,0.8475,0.8498194114860782,0.8473143807493775,0.7974954292135814,0.44446709752082825,0.21111129998462275,0.10555564999231137
bpe_5000,222,5,2000,0.84,0.8418876933320929,0.8395900337508283,0.7874968634678223,0.4646301567554474,0.14093229995341972,0.07046614997670986
bpe_5000,222,10,2000,0.8355,0.8376978789411085,0.8351229627698427,0.7815889647552756,0.480652391910553,0.17276830004993826,0.08638415002496913
bpe_5000,222,15,2000,0.824,0.8266496439954462,0.8235027343689814,0.7664944298245531,0.4947773516178131,0.21327170002041385,0.10663585001020692
bpe_5000,222,20,2000,0.8205,0.8235264087247457,0.8198718359472152,0.7620648140494584,0.5003402829170227,0.15336569998180494,0.07668284999090247
bpe_5000,222,25,2000,0.8135,0.8164134961954962,0.8132472223409732,0.7524611144157776,0.519383430480957,0.19141959998523816,0.09570979999261908
bpe_5000,222,30,2000,0.8085,0.8127512730296449,0.808433410579277,0.7461522423539386,0.532921314239502,0.17930489999707788,0.08965244999853894
bpe_5000,222,35,2000,0.798,0.8027223428311917,0.7974340110006974,0.7326573144994192,0.5586516261100769,0.14990079996641725,0.07495039998320863
bpe_5000,222,40,2000,0.775,0.7807703192823741,0.7743227597216831,0.7024270983847295,0.5930474996566772,0.18190329999197274,0.09095164999598637
bpe_5000,222,45,2000,0.763,0.769213984174394,0.7622360326965345,0.686635558946949,0.6231412887573242,0.22273520001908764,0.11136760000954382
bpe_5000,222,50,2000,0.754,0.7617061930912661,0.7532843608265715,0.6751306378908206,0.6476491689682007,0.17792799999006093,0.08896399999503046
bpe_5000,333,0,2000,0.8305,0.832153197580255,0.8306412743033714,0.7744513785431799,0.49343904852867126,0.1812962000258267,0.09064810001291335
bpe_5000,333,5,2000,0.8295,0.8319935388155965,0.8297553075719032,0.7733198823030099,0.5092178583145142,0.1376509999972768,0.0688254999986384
bpe_5000,333,10,2000,0.8255,0.8283946456932532,0.8258858244433049,0.7680512848102751,0.5233705043792725,0.13611679995665327,0.06805839997832663
bpe_5000,333,15,2000,0.813,0.8158637773639655,0.8133815781566647,0.7513747954098209,0.5392361879348755,0.19298609998077154,0.09649304999038577
bpe_5000,333,20,2000,0.805,0.8102586749812158,0.8059988473481331,0.741140008964986,0.5468251705169678,0.16849219996947795,0.08424609998473898
bpe_5000,333,25,2000,0.8035,0.8103202507072683,0.8047622258041761,0.7395188057262009,0.5602111220359802,0.16345629998249933,0.08172814999124967
bpe_5000,333,30,2000,0.7955,0.8044802351454285,0.7969710399668386,0.729483371345393,0.5745458602905273,0.15581279998878017,0.07790639999439009
bpe_5000,333,35,2000,0.783,0.7916872508278248,0.7846994830606907,0.7125319039456738,0.6063604950904846,0.20178659999510273,0.10089329999755137
bpe_5000,333,40,2000,0.7635,0.7751861845021598,0.7662219770018504,0.686887529890487,0.6401703953742981,0.1617862000130117,0.08089310000650585
bpe_5000,333,45,2000,0.746,0.7603881373417372,0.748972781989911,0.6643230931101775,0.6683968305587769,0.16788769996492192,0.08394384998246096
bpe_5000,333,50,2000,0.731,0.7513512650879448,0.7351713564792618,0.6456348938740025,0.6961885690689087,0.19616140000289306,0.09808070000144653
char,123,0,2000,0.8055,0.8056811307867984,0.8048926742797662,0.7411146823894056,0.5449211597442627,0.3276751000084914,0.1638375500042457
char,123,5,2000,0.805,0.8051467960955986,0.8042184354804036,0.7405472197274912,0.5534303188323975,0.2484417000086978,0.12422085000434892
char,123,10,2000,0.797,0.7976146613762447,0.7961767968162071,0.7300525460071782,0.5631022453308105,0.2626831000088714,0.1313415500044357
char,123,15,2000,0.795,0.7951542417309498,0.7941772079524605,0.7272360730147653,0.5746390223503113,0.2672158000059426,0.1336079000029713
char,123,20,2000,0.7945,0.7953932022114345,0.7940550604933428,0.7265759185696811,0.5822942852973938,0.263786599971354,0.131893299985677
char,123,25,2000,0.7925,0.7933498302631706,0.7921557842480409,0.7238302927894349,0.587879478931427,0.2841697999974713,0.14208489999873564
char,123,30,2000,0.782,0.7828428088729682,0.7816448979077587,0.7098334688997416,0.6013544797897339,0.23677669995231554,0.11838834997615777
char,123,35,2000,0.7725,0.7737375684277061,0.7720439142080993,0.6973548305281912,0.6144843697547913,0.23991110001225024,0.11995555000612512
char,123,40,2000,0.77,0.7709166611827412,0.7692902565220432,0.6940539039846114,0.6236375570297241,0.23107410001102835,0.11553705000551417
char,123,45,2000,0.76,0.7614963851413483,0.7592819013421238,0.6808918715723845,0.6335638761520386,0.253565399965737,0.1267826999828685
char,123,50,2000,0.755,0.7571289512013998,0.7542549446917011,0.6744410006032485,0.6465067863464355,0.2329285000450909,0.11646425002254546
char,132,0,2000,0.8205,0.8203320470061286,0.8198967140188427,0.7609815244938681,0.5080139636993408,0.7431263999897055,0.37156319999485277
char,132,5,2000,0.82,0.8198802496720692,0.8194041858862396,0.7603254889788369,0.5149169564247131,0.3495633999700658,0.1747816999850329
char,132,10,2000,0.8135,0.8139090847046304,0.8130484003609053,0.7517366229199343,0.5268450975418091,0.47803839994594455,0.23901919997297227
char,132,15,2000,0.812,0.8121396388172876,0.8114309485177642,0.7497317967145639,0.5368959903717041,0.5412198000121862,0.2706099000060931
char,132,20,2000,0.805,0.8054126942671354,0.804536050987876,0.7404194430171611,0.5482855439186096,0.553897500038147,0.2769487500190735
char,132,25,2000,0.7995,0.7991785617883536,0.7989841656652746,0.7328833878983818,0.5562026500701904,0.7801311000366695,0.39006555001833476
char,132,30,2000,0.799,0.7992125371359544,0.7985538022667387,0.7323552784860012,0.5638673305511475,0.500498500012327,0.2502492500061635
char,132,35,2000,0.791,0.7912707507117981,0.790084243914797,0.7220010116565196,0.5755352973937988,0.4965018999646418,0.2482509499823209
char,132,40,2000,0.7845,0.7852743264010141,0.7837962208247642,0.7133711117693728,0.5875698328018188,0.3392856999998912,0.1696428499999456
char,132,45,2000,0.7795,0.7800380983786421,0.7789516050819513,0.7065286812543726,0.600288987159729,0.41829100000904873,0.20914550000452437
char,132,50,2000,0.7715,0.7722934153742895,0.7712233087663912,0.6957720399518231,0.6092550158500671,0.6052129999734461,0.30260649998672307
char,213,0,2000,0.8025,0.8032597038297812,0.802173686320563,0.7371206270532392,0.5356822609901428,0.2805722000193782,0.1402861000096891
char,213,5,2000,0.7975,0.7979020130021496,0.7970196775215006,0.7304349818106549,0.5441669821739197,0.23785539995878935,0.11892769997939467
char,213,10,2000,0.797,0.7972436889030392,0.7964814971346048,0.7297343108802102,0.554228663444519,0.270467100024689,0.1352335500123445
char,213,15,2000,0.796,0.7957587790364415,0.7954198200934279,0.7282828714499548,0.5644987225532532,0.23599339998327196,0.11799669999163598
char,213,20,2000,0.793,0.7933225140098481,0.7926875645766094,0.7243006471658108,0.5713475346565247,0.24377739999908954,0.12188869999954477
char,213,25,2000,0.7885,0.7886773888168638,0.7880325477999578,0.7183465660940689,0.576991081237793,0.22689299995545298,0.11344649997772649
char,213,30,2000,0.7815,0.7821944887368301,0.7811051405904815,0.7091317732601324,0.5908325910568237,0.23351829999592155,0.11675914999796078
char,213,35,2000,0.7785,0.7795256164158657,0.7780817298297008,0.7052510918041208,0.6069716811180115,0.2270065999473445,0.11350329997367226
char,213,40,2000,0.771,0.7719605432689162,0.7706014510888759,0.6952191218931724,0.6156632900238037,0.24055839999346063,0.12027919999673031
char,213,45,2000,0.765,0.7660407415275284,0.7646262396353078,0.6872297384949067,0.6301077604293823,0.22096310002962127,0.11048155001481064
char,213,50,2000,0.7585,0.7593852741936653,0.7581772495636103,0.6784698900371501,0.6430562734603882,0.2232298000017181,0.11161490000085905
char,231,0,2000,0.8135,0.8126950489543754,0.8128265308173066,0.7514974281874652,0.5334238409996033,0.41245980001986027,0.20622990000993013
char,231,5,2000,0.809,0.8083700674228219,0.808463196695171,0.7454667838325282,0.5394198894500732,0.3897616000031121,0.19488080000155605
char,231,10,2000,0.8045,0.8037338583924978,0.8038753746835983,0.7394800114159501,0.5482600331306458,0.3199488000245765,0.15997440001228824
char,231,15,2000,0.802,0.8011181865646044,0.8013210182467935,0.7361450348592083,0.5577874183654785,0.32949619996361434,0.16474809998180717
char,231,20,2000,0.7985,0.7977457337423872,0.7978654210077043,0.7314935479657615,0.5653267502784729,0.37068379996344447,0.18534189998172224
char,231,25,2000,0.795,0.7944905411860159,0.7946204066473983,0.7267424940894203,0.5726953148841858,0.33750609995331615,0.16875304997665808
char,231,30,2000,0.791,0.7899779024670436,0.7903759402809374,0.7214018697665964,0.5838584303855896,0.36610970000037923,0.18305485000018962
char,231,35,2000,0.784,0.7830381105847963,0.7833434310687621,0.7121075363575982,0.594973087310791,0.3932032000157051,0.19660160000785254
char,231,40,2000,0.78,0.7790630849514864,0.7791456997182222,0.7069030474404547,0.6016886234283447,0.35647190001327544,0.17823595000663772
char,231,45,2000,0.781,0.7801480554813391,0.7801345539851096,0.7082689571808104,0.6133542656898499,0.38983250001911074,0.19491625000955537
char,231,50,2000,0.7675,0.766112213735791,0.7664255075339794,0.6902285034582278,0.6305710673332214,0.4584694000077434,0.2292347000038717
char,321,0,2000,0.81,0.8095101215547801,0.8090399547649257,0.7471033516806014,0.5244491696357727,0.3287096999702044,0.1643548499851022
char,321,5,2000,0.8045,0.8041109120858642,0.8035638252366096,0.7397874556178989,0.5375637412071228,0.26925449998816475,0.13462724999408238
char,321,10,2000,0.804,0.8037509180285811,0.8029456329846062,0.7392356041937115,0.5471782088279724,0.32302910002181306,0.16151455001090653
char,321,15,2000,0.8005,0.7999051215644567,0.7993479882686052,0.7345234119988321,0.5548741221427917,0.25412599998526275,0.12706299999263138
char,321,20,2000,0.795,0.7944626003576407,0.79402363640414,0.7271025741422107,0.563821017742157,0.23134790000040084,0.11567395000020042
char,321,25,2000,0.7905,0.7897983301043013,0.7895629671630947,0.7210265487274699,0.5715287327766418,0.2264368999749422,0.1132184499874711
char,321,30,2000,0.786,0.7850218766473559,0.7847862589000301,0.7151099338371913,0.582420825958252,0.23937719996320084,0.11968859998160042
char,321,35,2000,0.7845,0.7842865908631881,0.7834026757141468,0.7132905932879987,0.5923128128051758,0.24022670002887025,0.12011335001443513
char,321,40,2000,0.7805,0.780604012428386,0.7793210409300169,0.7080977834853125,0.6046907901763916,0.22660460002953187,0.11330230001476593
char,321,45,2000,0.769,0.7691268702728968,0.7675968317253893,0.6928974213866383,0.6185771226882935,0.2236274000024423,0.11181370000122115
char,321,50,2000,0.7665,0.7679272817720122,0.7658559092351684,0.6895044639124694,0.6309353113174438,0.24920930003281683,0.1246046500164084
char,312,0,2000,0.8035,0.8044407643682068,0.8035870721193931,0.7382256854820668,0.5353818535804749,0.28441530000418425,0.14220765000209212
char,312,5,2000,0.7985,0.7992744665234806,0.7985397911866303,0.7315411205215332,0.5445689558982849,0.23612519999733195,0.11806259999866597
char,312,10,2000,0.793,0.793973985152737,0.7930705854262872,0.7242421787927678,0.5513808131217957,0.31653589999768883,0.15826794999884441
char,312,15,2000,0.798,0.798156906368907,0.7977513804290253,0.7308550079081279,0.558993399143219,0.25065850000828505,0.12532925000414252
char,312,20,2000,0.7875,0.7885916347454809,0.7877488287148351,0.7168394457954977,0.5668891668319702,0.24436999997124076,0.12218499998562038
char,312,25,2000,0.787,0.7870187317485394,0.7869409110843386,0.716040338075266,0.5748655796051025,0.24541089998092502,0.12270544999046251
char,312,30,2000,0.782,0.7820551898392071,0.7819592746031986,0.7093732958213064,0.5863566994667053,0.23899069998878986,0.11949534999439493
char,312,35,2000,0.777,0.7778358554944123,0.7772235987937397,0.7027882595542643,0.5996026396751404,0.24069619999499992,0.12034809999749996
char,312,40,2000,0.7755,0.7766187327078424,0.7758447343485221,0.7008019344946295,0.6079314351081848,0.2373178999987431,0.11865894999937154
char,312,45,2000,0.7665,0.7675959646838895,0.7668753718978204,0.68877596112388,0.618318498134613,0.24000260001048446,0.12000130000524223
char,312,50,2000,0.762,0.7631159163798186,0.762426830561407,0.6827481461406715,0.6307808756828308,0.2235470000305213,0.11177350001526065
char,111,0,2000,0.8075,0.8066455767406789,0.8069058274260745,0.7434332079029542,0.5274747610092163,0.2952856000047177,0.14764280000235885
char,111,5,2000,0.806,0.8049973460394269,0.805317099044303,0.7414415917091614,0.5342913269996643,0.25087340001482517,0.12543670000741258
char,111,10,2000,0.806,0.805031696218591,0.8052453082292068,0.7414964805072086,0.544099748134613,0.29401199996937066,0.14700599998468533
char,111,15,2000,0.8015,0.8008149879803295,0.8009476054777271,0.7354591075953512,0.5540817975997925,0.24195110000437126,0.12097555000218563
char,111,20,2000,0.795,0.7943565535326281,0.7944638403963766,0.7267967749351124,0.5612561106681824,0.2382793999859132,0.1191396999929566
char,111,25,2000,0.7955,0.7951509962732608,0.7951730155925235,0.7274281476477122,0.5719708204269409,0.2558341000112705,0.12791705000563525
char,111,30,2000,0.7845,0.7841425692299059,0.7841819659590744,0.7127541031997622,0.5834082961082458,0.2445369999622926,0.1222684999811463
char,111,35,2000,0.7785,0.777982491433607,0.778022251804005,0.7048043518986421,0.5933892130851746,0.23191520001273602,0.11595760000636801
char,111,40,2000,0.777,0.7766193780962338,0.7764873307958862,0.7028700598324474,0.6011415123939514,0.2557545000454411,0.12787725002272055
char,111,45,2000,0.7715,0.7711415498712602,0.7708536738048103,0.6956269498723467,0.6094215512275696,0.23732750001363456,0.11866375000681728
char,111,50,2000,0.7665,0.7664091471656784,0.7658938108445069,0.6890204546622976,0.6192303895950317,0.23483510001096874,0.11741755000548437
char,222,0,2000,0.8025,0.8023067422358265,0.802104325990684,0.7368393529238128,0.5297127366065979,0.2953601999906823,0.14768009999534115
char,222,5,2000,0.796,0.7956926534014647,0.7956472374481282,0.7281172363133295,0.541390061378479,0.27471389999845996,0.13735694999922998
char,222,10,2000,0.7975,0.7973198569460537,0.7970638749370024,0.7302015634511084,0.5513259172439575,0.2645858000032604,0.1322929000016302
char,222,15,2000,0.7925,0.7919440028697637,0.7920343572242763,0.7234435462954124,0.560937762260437,0.2939864000072703,0.14699320000363514
char,222,20,2000,0.783,0.7827384727516362,0.7827625261969217,0.7107308722555438,0.5723391175270081,0.26253670000005513,0.13126835000002757
char,222,25,2000,0.78,0.7800204209988735,0.7799443735011804,0.706707892496184,0.5815523862838745,0.2608630000031553,0.13043150000157766
char,222,30,2000,0.7745,0.7742311406123993,0.7742851226853015,0.6993834576106465,0.5942641496658325,0.27048559999093413,0.13524279999546707
char,222,35,2000,0.771,0.7711110424005702,0.7709611272774459,0.6947266473231624,0.6085720658302307,0.27273910003714263,0.13636955001857132
char,222,40,2000,0.7685,0.7682848440714541,0.7682990303191989,0.6913916431540739,0.6170084476470947,0.26522819994715974,0.13261409997357987
char,222,45,2000,0.7625,0.7633571118458676,0.7626089838059096,0.683531814220388,0.6292439699172974,0.2601159000187181,0.13005795000935905
char,222,50,2000,0.7585,0.7591752435267123,0.7583558243398983,0.6782955751724068,0.6436104774475098,0.243641100008972,0.121820550004486
char,333,0,2000,0.8175,0.8168655719191634,0.8169120186742802,0.7568354597967343,0.5385905504226685,0.3670535000273958,0.1835267500136979
char,333,5,2000,0.811,0.8106708441838335,0.8104555316102315,0.7482382270928073,0.5448511838912964,0.2848715999862179,0.14243579999310896
char,333,10,2000,0.8,0.7996474850393703,0.7994265059448078,0.733578634136321,0.5578630566596985,0.2567910999641754,0.1283955499820877
char,333,15,2000,0.7975,0.7973021978571851,0.7970393998903523,0.7302295715820067,0.564803957939148,0.26715780002996325,0.13357890001498163
char,333,20,2000,0.795,0.7948621434255009,0.7946445396837705,0.7268486438908549,0.571974515914917,0.2585518999840133,0.12927594999200664
char,333,25,2000,0.7955,0.7958275506497302,0.7952550869300699,0.7275911888360739,0.5803946256637573,0.25931819999823347,0.12965909999911673
char,333,30,2000,0.7965,0.7965112625146127,0.7962018802555972,0.7288581385543383,0.5893940925598145,0.2691985999699682,0.1345992999849841
char,333,35,2000,0.7915,0.7915333238187013,0.7912106189780344,0.7221940555412192,0.6017335057258606,0.26437849999638274,0.13218924999819137
char,333,40,2000,0.786,0.7862525683620668,0.7856339450291365,0.7149777496630444,0.6087934374809265,0.2988797000143677,0.14943985000718385
char,333,45,2000,0.7815,0.7815022081636398,0.7810266658877483,0.7089659134365337,0.6164078116416931,0.2951081999926828,0.1475540999963414
char,333,50,2000,0.7685,0.7683454306747421,0.7680010353543891,0.6915973433775907,0.6315880417823792,0.3252286000060849,0.16261430000304244
