token_id,token
0,[PAD]
1,[UNK]
2,!
3,""""
4,#
5,$
6,%
7,&
8,'
9,(
10,)
11,*
12,+
13,","
14,-
15,.
16,/
17,0
18,1
19,2
20,3
21,4
22,5
23,6
24,7
25,8
26,9
27,:
28,;
29,<
30,=
31,>
32,?
33,@
34,A
35,B
36,C
37,D
38,E
39,F
40,G
41,H
42,I
43,J
44,K
45,L
46,M
47,N
48,O
49,P
50,Q
51,R
52,S
53,T
54,U
55,V
56,W
57,X
58,Y
59,Z
60,[
61,\
62,]
63,^
64,_
65,`
66,a
67,b
68,c
69,d
70,e
71,f
72,g
73,h
74,i
75,j
76,k
77,l
78,m
79,n
80,o
81,p
82,q
83,r
84,s
85,t
86,u
87,v
88,w
89,x
90,y
91,z
92,{
93,|
94,}
95,~
96,¡
97,¢
98,£
99,¤
100,¥
101,¦
102,§
103,¨
104,©
105,ª
106,«
107,¬
108,®
109,¯
110,°
111,±
112,²
113,³
114,´
115,µ
116,¶
117,·
118,¸
119,¹
120,º
121,»
122,¼
123,½
124,¾
125,¿
126,À
127,Á
128,Â
129,Ã
130,Ä
131,Å
132,Æ
133,Ç
134,È
135,É
136,Ê
137,Ë
138,Ì
139,Í
140,Î
141,Ï
142,Ð
143,Ñ
144,Ò
145,Ó
146,Ô
147,Õ
148,Ö
149,×
150,Ø
151,Ù
152,Ú
153,Û
154,Ü
155,Ý
156,Þ
157,ß
158,à
159,á
160,â
161,ã
162,ä
163,å
164,æ
165,ç
166,è
167,é
168,ê
169,ë
170,ì
171,í
172,î
173,ï
174,ð
175,ñ
176,ò
177,ó
178,ô
179,õ
180,ö
181,÷
182,ø
183,ù
184,ú
185,û
186,ü
187,ý
188,þ
189,ÿ
190,Ā
191,ā
192,Ă
193,ă
194,Ą
195,ą
196,Ć
197,ć
198,Ĉ
199,ĉ
200,Ċ
201,ċ
202,Č
203,č
204,Ď
205,ď
206,Đ
207,đ
208,Ē
209,ē
210,Ĕ
211,ĕ
212,Ė
213,ė
214,Ę
215,ę
216,Ě
217,ě
218,Ĝ
219,ĝ
220,Ğ
221,ğ
222,Ġ
223,ġ
224,Ģ
225,ģ
226,Ĥ
227,ĥ
228,Ħ
229,ħ
230,Ĩ
231,ĩ
232,Ī
233,ī
234,Ĭ
235,ĭ
236,Į
237,į
238,İ
239,ı
240,Ĳ
241,ĳ
242,Ĵ
243,ĵ
244,Ķ
245,ķ
246,ĸ
247,Ĺ
248,ĺ
249,Ļ
250,ļ
251,Ľ
252,ľ
253,Ŀ
254,ŀ
255,Ł
256,ł
257,Ń
258,Ġt
259,Ġa
260,in
261,er
262,he
263,Ġs
264,on
265,re
266,Ġthe
267,Ġc
268,Ġo
269,ed
270,an
271,Ġw
272,es
273,Ġf
274,or
275,it
276,Ġb
277,Ġp
278,at
279,en
280,Ġm
281,ing
282,Ġin
283,al
284,ar
285,is
286,ic
287,Ġh
288,Ġto
289,Ġof
290,as
291,Ġan
292,Ġd
293,ro
294,ay
295,le
296,ter
297,Ġre
298,us
299,ion
300,Ġg
301,Ġn
302,il
303,Ġth
304,ou
305,Ġand
306,om
307,id
308,Ġl
309,Ġon
310,Ġe
311,ent
312,et
313,ir
314,un
315,day
316,st
317,ur
318,el
319,Ġst
320,ad
321,ac
322,ig
323,ec
324,am
325,ol
326,Ġfor
327,ly
328,Ġit
329,ut
330,ver
331,th
332,ve
333,Ġ3
334,im
335,Ġr
336,ill
337,ow
338,ot
339,Ġat
340,Ġy
341,ation
342,est
343,Ġ39
344,ers
345,Ġj
346,Ġthat
347,Ġas
348,ew
349,Ġcom
350,Ġbe
351,ch
352,igh
353,ith
354,ap
355,up
356,ters
357,ul
358,Ġwith
359,Ġpro
360,Ġis
361,qu
362,Ġch
363,ts
364,ear
365,os
366,Ġcon
367,Ġsh
368,Ġde
369,Ġsa
370,ce
371,and
372,Ġ1
373,Ġus
374,Ġk
375,Ġv
376,Ġhe
377,ag
378,ld
379,Ġits
380,ore
381,ain
382,op
383,uters
384,ak
385,Ġsaid
386,ment
387,Ġwh
388,mp
389,res
390,Ġun
391,Ġby
392,Ġal
393,ri
394,00
395,Ġle
396,Ġcomp
397,oun
398,Ġhas
399,oc
400,rom
401,ast
402,ug
403,Ġ2
404,ks
405,ust
406,ight
407,Ġex
408,all
409,Ġhis
410,ee
411,hen
412,if
413,Ġpl
414,Ġsp
415,Ġaf
416,Ġnew
417,Ġfrom
418,our
419,ian
420,Ġwas
421,oo
422,esday
423,ial
424,ort
425,Ġoff
426,Ġen
427,ess
428,ate
429,ct
430,ist
431,ies
432,ia
433,Ġag
434,ity
435,ave
436,ip
437,ost
438,art
439,ack
440,Ġinc
441,ra
442,Ġmon
443,um
444,Ġwill
445,are
446,old
447,ric
448,ud
449,em
450,Ġwor
451,Ġreuters
452,Ġafter
453,Ġro
454,Ġcl
455,Ġoly
456,Ġolymp
457,ine
458,ry
459,ere
460,Ġfr
461,Ġolympic
462,of
463,ard
464,Ġover
465,pp
466,Ġac
467,ive
468,ect
469,iv
470,ub
471,ab
472,Ġare
473,Ġfir
474,Ġhave
475,Ġup
476,ould
477,mer
478,Ġsec
479,Ġres
480,Ġmar
481,the
482,ell
483,any
484,Ġrep
485,Ġse
486,ans
487,Ġtw
488,Ġab
489,hens
490,Ġtheir
491,ond
492,ong
493,Ġte
494,end
495,ning
496,arg
497,ork
498,to
499,ice
500,Ġfin
501,Ġbut
502,Ġgo
503,Ġexp
504,Ġinter
505,Ġout
506,urs
507,ther
508,ord
509,ome
510,Ġyear
511,Ġtr
512,out
513,ree
514,Ġqu
515,ens
516,Ġfirst
517,ions
518,Ġser
519,Ġmed
520,ant
521,af
522,ick
523,Ġgro
524,Ġir
525,aq
526,ime
527,ire
528,ace
529,ursday
530,und
531,Ġper
532,Ġthursday
533,Ġwin
534,Ġpres
535,iday
536,Ġar
537,Ġmore
538,Ġmo
539,Ġad
540,hed
541,ors
542,Ġor
543,ile
544,ous
545,Ġtwo
546,Ġtu
547,Ġsc
548,ich
549,Ġne
550,Ġtuesday
551,illion
552,Ġwee
553,Ġrec
554,ure
555,Ġfriday
556,age
557,ail
558,ge
559,uc
560,Ġop
561,Ġthis
562,ations
563,ays
564,Ġdis
565,Ġcont
566,Ġpric
567,oft
568,Ġapp
569,Ġpe
570,ite
571,Ġwed
572,ide
573,Ġiraq
574,nesday
575,Ġwednesday
576,Ġbr
577,ke
578,Ġmonday
579,Ġcompany
580,reuters
581,Ġnot
582,ates
583,Ġacc
584,vest
585,anc
586,ign
587,Ġcr
588,ish
589,Ġyork
590,av
591,ident
592,Ġbl
593,ame
594,lic
595,ket
596,Ġind
597,Ġthan
598,Ġone
599,Ġworld
600,ting
601,ue
602,ited
603,ie
604,Ġmin
605,ull
606,tor
607,Ġcor
608,se
609,aj
610,der
611,ester
612,own
613,Ġintern
614,Ġall
615,Ġgre
616,hn
617,ated
618,ational
619,ton
620,Ġoil
621,amp
622,Ġim
623,one
624,Ġ200
625,new
626,Ġco
627,ass
628,athens
629,Ġthey
630,ib
631,ase
632,Ġhigh
633,Ġlast
634,og
635,Ġweek
636,Ġgold
637,Ġwho
638,Ġagain
639,Ġjo
640,Ġban
641,ote
642,Ġabout
643,Ġwere
644,Ġlead
645,Ġcorp
646,ake
647,ance
648,Ġwe
649,etw
650,ary
651,Ġbus
652,Ġmil
653,earch
654,Ġair
655,als
656,iz
657,Ġinto
658,ount
659,ros
660,com
661,ade
662,Ġman
663,vers
664,Ġoffic
665,vern
666,ence
667,Ġ4
668,aw
669,ition
670,xt
671,for
672,Ġgovern
673,Ġear
674,ach
675,ber
676,Ġbo
677,Ġsun
678,Ġyester
679,Ġfl
680,Ġyesterday
681,ash
682,Ġprices
683,Ġhad
684,Ġsat
685,Ġbeen
686,Ġteam
687,ath
688,Ġreport
689,Ġamer
690,Ġpol
691,Ġameric
692,act
693,Ġsecond
694,Ġcomm
695,ds
696,ven
697,Ġpr
698,Ġatt
699,ased
700,ating
701,Ġgovernment
702,Ġcan
703,arter
704,Ġserv
705,Ġpresident
706,Ġofficial
707,ey
708,uct
709,lo
710,Ġann
711,ht
712,Ġaug
713,ally
714,lect
715,urn
716,Ġagainst
717,iss
718,Ġunited
719,Ġwhen
720,led
721,ound
722,Ġmedal
723,Ġret
724,Ġend
725,ock
726,ral
727,vel
728,Ġinvest
729,Ġno
730,Ġprof
731,Ġsl
732,Ġwhich
733,Ġreg
734,Ġmilit
735,Ġme
736,ww
737,Ġwould
738,Ġpeop
739,cent
740,Ġmillion
741,Ġstr
742,Ġpre
743,Ġsunday
744,eral
745,Ġsup
746,Ġthree
747,Ġfour
748,Ġgroup
749,Ġplan
750,Ġset
751,con
752,yst
753,Ġmarket
754,Ġcons
755,urday
756,Ġsaturday
757,Ġam
758,Ġcould
759,Ġnight
760,man
761,Ġbec
762,ren
763,Ġcount
764,ted
765,Ġph
766,ged
767,ames
768,Ġbu
769,ocks
770,Ġwar
771,ublic
772,Ġpeople
773,Ġpart
774,lp
775,ced
776,king
777,Ġdec
778,Ġgoo
779,Ġplay
780,ical
781,ware
782,Ġso
783,Ġdo
784,uss
785,Ġpercent
786,Ġ5
787,ected
788,rop
789,Ġyears
790,ullqu
791,land
792,Ġjust
793,tle
794,co
795,Ġtime
796,ington
797,ister
798,orts
799,ina
800,Ġdes
801,Ġtoday
802,Ġdef
803,Ġsur
804,Ġsou
805,Ġ6
806,ower
807,Ġimp
808,Ġsome
809,Ġsoft
810,ely
811,Ġsw
812,Ġsecur
813,Ġdown
814,wn
815,Ġback
816,Ġstates
817,line
818,Ġsal
819,oll
820,tory
821,Ġher
822,iness
823,ose
824,Ġtec
825,Ġresearch
826,ier
827,Ġrecord
828,Ġbro
829,ff
830,Ġrun
831,ult
832,Ġbank
833,Ġannoun
834,les
835,Ġprod
836,Ġfinal
837,vent
838,Ġcour
839,Ġint
840,ists
841,ows
842,ajaf
843,Ġcap
844,Ġmonth
845,ital
846,Ġmak
847,use
848,Ġkill
849,ugh
850,ines
851,Ġcity
852,Ġdem
853,able
854,ms
855,Ġminister
856,ball
857,gh
858,ger
859,Ġinternet
860,ities
861,Ġathens
862,oss
863,ok
864,Ġolympics
865,Ġbusiness
866,Ġsoftware
867,ystem
868,Ġbig
869,Ġday
870,Ġgames
871,Ġoffer
872,ix
873,Ġter
874,its
875,olog
876,Ġcar
877,ustral
878,Ġwon
879,ep
880,ics
881,Ġmay
882,ise
883,Ġass
884,ird
885,Ġdr
886,Ġelect
887,Ġquarter
888,ft
889,icros
890,ual
891,ved
892,Ġhelp
893,Ġlong
894,Ġli
895,Ġecon
896,Ġeconom
897,ullquote
898,Ġvic
899,Ġsystem
900,Ġsupp
901,od
902,uch
903,Ġmus
904,ason
905,Ġfed
906,app
907,Ġcountry
908,ied
909,Ġofficials
910,ious
911,Ġnext
912,Ġcol
913,ater
914,Ġconf
915,Ġother
916,gr
917,ling
918,ets
919,Ġ7
920,ece
921,Ġtechn
922,Ġamerican
923,Ġgr
924,ked
925,bs
926,Ġshe
927,gle
928,icrosoft
929,Ġwom
930,Ġrele
931,Ġnor
932,Ġnetw
933,tp
934,Ġ8
935,Ġmost
936,Ġstate
937,Ġservice
938,Ġtarg
939,Ġsecurity
940,ph
941,ings
942,Ġgu
943,Ġlarg
944,ands
945,med
946,els
947,enc
948,air
949,Ġsay
950,Ġtop
951,Ġnational
952,uring
953,az
954,ient
955,Ġtri
956,ange
957,Ġunder
958,ned
959,Ġrel
960,Ġchamp
961,Ġnear
962,ments
963,Ġopen
964,Ġdep
965,Ġcourt
966,hes
967,Ġreported
968,ood
969,Ġbillion
970,Ġ15
971,Ġals
972,Ġpo
973,Ġpublic
974,Ġthro
975,ecut
976,Ġvi
977,Ġcall
978,Ġgreece
979,ording
980,Ġoper
981,Ġ19
982,Ġeng
983,Ġgrow
984,ble
985,Ġhome
986,Ġyou
987,Ġannounced
988,lud
989,gest
990,ley
991,Ġshow
992,Ġsales
993,ares
994,fore
995,Ġaustral
996,Ġtarget
997,Ġgian
998,Ġnews
999,Ġruss
